business_unit_id,allocation_date,allocated_amount,department,employee_id,project_code,allocation_type,start_date,end_date
1,9/10/2022,925421.96,Marketing,1,C789,Time,1/16/2022,5/18/2022
2,10/22/2022,826767.18,Marketing,2,B456,Time,10/17/2022,8/2/2022
3,12/17/2022,423438.69,Finance,3,A123,Resource,6/13/2022,12/12/2022
4,8/15/2022,855245.37,Finance,4,C789,Budget,7/11/2022,11/8/2022
5,2/16/2022,769200.14,Marketing,5,C789,Resource,12/29/2022,3/16/2022
6,1/26/2022,523529.44,Operations,6,A123,Time,5/1/2022,5/12/2022
7,1/20/2022,687265.56,Marketing,7,A123,Budget,12/24/2022,1/13/2022
8,12/18/2022,210658.88,Finance,8,A123,Time,6/20/2022,9/8/2022
9,4/5/2022,995825.0,Marketing,9,B456,Time,6/6/2022,4/7/2022
10,3/23/2022,902929.99,Operations,10,A123,Budget,5/9/2022,8/8/2022
11,8/11/2022,519190.48,Marketing,11,A123,Time,12/30/2022,10/8/2022
12,5/21/2022,530142.39,Sales,12,C789,Budget,8/8/2022,8/22/2022
13,7/12/2022,850113.27,Marketing,13,C789,Budget,4/30/2022,12/13/2022
14,11/20/2022,369501.88,Operations,14,C789,Budget,9/28/2022,12/20/2022
15,11/3/2022,211287.98,Sales,15,C789,Time,12/11/2022,9/24/2022
16,8/11/2022,986768.18,Finance,16,A123,Time,6/2/2022,6/27/2022
17,6/8/2022,543250.57,Operations,17,B456,Time,1/12/2022,8/11/2022
18,3/16/2022,599865.1,Marketing,18,A123,Budget,10/31/2022,1/16/2022
19,7/26/2022,761527.75,Operations,19,B456,Resource,12/15/2022,1/16/2022
20,10/10/2022,663765.12,Marketing,20,A123,Time,12/20/2022,7/30/2022
21,11/4/2022,672028.93,Marketing,21,C789,Time,10/5/2022,6/27/2022
22,9/11/2022,888545.94,Operations,22,C789,Resource,3/27/2022,10/7/2022
23,5/18/2022,45057.12,Operations,23,A123,Resource,4/7/2022,8/23/2022
24,5/8/2022,965149.95,Sales,24,C789,Resource,11/1/2022,12/22/2022
25,12/17/2022,929386.94,Operations,25,C789,Budget,12/15/2022,11/6/2022
26,2/22/2022,218923.78,Operations,26,B456,Time,6/24/2022,5/7/2022
27,6/13/2022,941309.59,Finance,27,A123,Time,6/20/2022,1/1/2022
28,9/19/2022,752340.41,Sales,28,B456,Resource,2/23/2022,11/4/2022
29,5/28/2022,616674.68,Sales,29,B456,Time,7/30/2022,6/11/2022
30,5/14/2022,948829.36,Marketing,30,C789,Time,10/26/2022,11/18/2022
31,9/21/2022,596700.69,Finance,31,C789,Resource,11/18/2022,3/11/2022
32,9/8/2022,424950.45,Marketing,32,B456,Budget,12/14/2022,7/25/2022
33,12/19/2022,173578.61,Sales,33,B456,Time,4/18/2022,2/10/2022
34,3/19/2022,373617.96,Marketing,34,B456,Time,12/27/2022,9/5/2022
35,5/9/2022,717461.57,Marketing,35,B456,Time,11/2/2022,6/25/2022
36,4/10/2022,214253.0,Marketing,36,A123,Budget,2/11/2022,1/6/2022
37,10/4/2022,906312.14,Sales,37,B456,Time,7/11/2022,5/17/2022
38,3/19/2022,586849.39,Sales,38,C789,Time,6/8/2022,12/29/2022
39,7/26/2022,613327.41,Operations,39,B456,Time,7/21/2022,7/4/2022
40,4/1/2022,290576.25,Marketing,40,C789,Resource,12/30/2022,1/13/2022
41,5/20/2022,137109.1,Finance,41,B456,Resource,3/1/2022,11/8/2022
42,8/13/2022,469277.34,Operations,42,C789,Time,7/9/2022,2/23/2022
43,12/2/2022,430648.21,Operations,43,C789,Resource,4/18/2022,5/24/2022
44,6/29/2022,93383.92,Finance,44,A123,Budget,5/26/2022,1/25/2022
45,3/19/2022,14180.77,Sales,45,A123,Time,3/14/2022,11/12/2022
46,4/19/2022,492176.13,Finance,46,C789,Resource,4/24/2022,3/20/2022
47,4/30/2022,493742.03,Sales,47,C789,Time,3/2/2022,9/25/2022
48,2/3/2022,184120.15,Operations,48,C789,Resource,3/25/2022,3/26/2022
49,10/25/2022,582099.21,Marketing,49,A123,Budget,9/27/2022,6/7/2022
50,1/4/2022,269772.22,Operations,50,B456,Budget,3/20/2022,3/29/2022
51,9/9/2022,967234.83,Marketing,51,C789,Budget,4/1/2022,6/5/2022
52,6/15/2022,816365.34,Sales,52,A123,Budget,5/29/2022,4/28/2022
53,4/26/2022,389614.24,Operations,53,A123,Budget,8/26/2022,11/3/2022
54,7/18/2022,229574.17,Operations,54,A123,Resource,7/8/2022,10/1/2022
55,4/3/2022,450374.57,Finance,55,A123,Budget,9/27/2022,2/28/2022
56,10/28/2022,647536.24,Finance,56,C789,Budget,8/14/2022,6/11/2022
57,10/1/2022,221638.43,Sales,57,C789,Budget,12/26/2022,3/23/2022
58,9/19/2022,107379.21,Marketing,58,B456,Time,5/26/2022,4/18/2022
59,9/16/2022,611887.93,Sales,59,B456,Time,12/3/2022,1/25/2022
60,3/23/2022,130040.31,Marketing,60,C789,Resource,9/29/2022,7/8/2022
61,7/12/2022,704735.31,Finance,61,B456,Resource,6/1/2022,1/1/2022
62,3/29/2022,685120.25,Finance,62,C789,Time,9/30/2022,5/25/2022
63,8/16/2022,361083.52,Sales,63,C789,Time,6/29/2022,2/7/2022
64,11/2/2022,696149.01,Sales,64,B456,Time,10/29/2022,10/13/2022
65,7/22/2022,944180.4,Sales,65,A123,Budget,5/24/2022,6/10/2022
66,7/3/2022,234842.73,Marketing,66,B456,Time,11/29/2022,11/28/2022
67,12/15/2022,710437.31,Sales,67,C789,Time,4/2/2022,7/11/2022
68,9/5/2022,876336.86,Finance,68,A123,Budget,10/12/2022,10/10/2022
69,10/1/2022,941085.47,Finance,69,C789,Time,1/8/2022,10/7/2022
70,11/16/2022,709755.13,Sales,70,C789,Budget,10/25/2022,9/28/2022
71,2/20/2022,915799.03,Sales,71,A123,Time,6/23/2022,1/13/2022
72,9/23/2022,140660.08,Finance,72,B456,Time,1/29/2022,7/17/2022
73,2/12/2022,360425.33,Sales,73,C789,Resource,5/31/2022,11/11/2022
74,3/19/2022,186699.79,Marketing,74,A123,Budget,12/16/2022,12/13/2022
75,3/14/2022,884602.34,Marketing,75,B456,Time,3/21/2022,12/13/2022
76,1/6/2022,479707.7,Sales,76,A123,Time,2/13/2022,9/8/2022
77,10/4/2022,65947.18,Marketing,77,B456,Resource,11/22/2022,9/4/2022
78,12/14/2022,575781.2,Operations,78,B456,Budget,8/11/2022,4/14/2022
79,9/26/2022,313020.36,Finance,79,C789,Time,9/4/2022,4/9/2022
80,9/10/2022,438541.94,Sales,80,A123,Resource,8/4/2022,1/1/2022
81,12/8/2022,974193.88,Finance,81,A123,Budget,2/11/2022,4/9/2022
82,3/15/2022,829537.18,Marketing,82,A123,Resource,3/27/2022,1/1/2022
83,9/4/2022,315226.31,Finance,83,C789,Budget,11/23/2022,12/17/2022
84,9/1/2022,86599.62,Sales,84,A123,Budget,6/28/2022,12/20/2022
85,1/24/2022,587146.07,Marketing,85,C789,Budget,8/18/2022,2/26/2022
86,6/28/2022,374072.09,Finance,86,B456,Time,10/10/2022,12/19/2022
87,7/12/2022,42594.44,Marketing,87,A123,Resource,5/13/2022,6/1/2022
88,10/10/2022,41089.28,Sales,88,A123,Time,9/29/2022,2/9/2022
89,1/16/2022,971664.73,Finance,89,C789,Time,5/20/2022,12/6/2022
90,5/8/2022,328638.49,Finance,90,A123,Budget,12/20/2022,10/31/2022
91,8/13/2022,683787.1,Operations,91,B456,Budget,9/23/2022,6/11/2022
92,7/9/2022,573919.78,Finance,92,C789,Time,9/16/2022,1/1/2022
93,3/28/2022,578132.67,Finance,93,C789,Time,4/7/2022,6/2/2022
94,10/2/2022,49644.22,Finance,94,B456,Budget,4/21/2022,6/29/2022
95,1/24/2022,797948.71,Operations,95,A123,Budget,4/30/2022,3/23/2022
96,5/28/2022,364471.66,Sales,96,C789,Time,4/10/2022,11/13/2022
97,5/1/2022,606062.95,Operations,97,B456,Time,11/21/2022,7/30/2022
98,3/30/2022,389649.36,Finance,98,B456,Resource,10/5/2022,8/1/2022
99,3/18/2022,393084.83,Marketing,99,B456,Budget,9/25/2022,12/5/2022
100,5/20/2022,354600.95,Operations,100,A123,Time,9/6/2022,8/4/2022
101,6/30/2022,189355.52,Operations,101,A123,Budget,4/4/2022,2/21/2022
102,7/22/2022,847910.97,Operations,102,C789,Budget,5/27/2022,8/4/2022
103,10/2/2022,918393.57,Finance,103,B456,Budget,12/11/2022,9/29/2022
104,1/2/2022,864200.45,Sales,104,A123,Resource,10/19/2022,7/15/2022
105,1/19/2022,721337.18,Finance,105,B456,Resource,9/22/2022,5/1/2022
106,1/27/2022,691831.62,Marketing,106,C789,Budget,2/6/2022,2/10/2022
107,7/7/2022,573137.14,Operations,107,A123,Resource,11/9/2022,12/17/2022
108,3/2/2022,441856.25,Operations,108,A123,Budget,12/1/2022,6/23/2022
109,8/10/2022,642040.44,Marketing,109,A123,Time,1/19/2022,7/4/2022
110,1/14/2022,257562.24,Marketing,110,A123,Budget,12/11/2022,7/6/2022
111,9/16/2022,355079.85,Marketing,111,C789,Budget,1/9/2022,3/16/2022
112,8/25/2022,275059.58,Finance,112,B456,Time,3/12/2022,9/4/2022
113,6/6/2022,229799.58,Operations,113,A123,Time,7/2/2022,9/7/2022
114,10/13/2022,17677.6,Operations,114,A123,Resource,11/29/2022,10/16/2022
115,2/8/2022,234590.45,Operations,115,B456,Budget,4/20/2022,11/29/2022
116,6/24/2022,726607.13,Operations,116,A123,Resource,6/9/2022,1/7/2022
117,1/5/2022,702789.6,Sales,117,B456,Resource,4/16/2022,4/18/2022
118,4/5/2022,529010.86,Sales,118,A123,Resource,3/10/2022,9/13/2022
119,6/24/2022,915137.72,Finance,119,A123,Time,8/20/2022,12/4/2022
120,6/22/2022,348113.6,Finance,120,A123,Time,10/8/2022,2/26/2022
121,5/19/2022,90464.22,Finance,121,C789,Resource,5/25/2022,8/5/2022
122,2/3/2022,600222.93,Finance,122,C789,Resource,3/6/2022,6/12/2022
123,10/2/2022,761473.34,Sales,123,C789,Time,8/22/2022,6/19/2022
124,1/20/2022,881807.47,Operations,124,A123,Time,7/30/2022,4/9/2022
125,8/2/2022,719940.82,Sales,125,C789,Budget,4/7/2022,3/23/2022
126,2/19/2022,186643.99,Marketing,126,A123,Time,8/9/2022,12/25/2022
127,7/27/2022,165169.99,Operations,127,B456,Budget,7/14/2022,4/7/2022
128,2/24/2022,167115.17,Operations,128,A123,Time,7/13/2022,7/14/2022
129,10/4/2022,984156.91,Finance,129,B456,Resource,2/4/2022,2/6/2022
130,7/22/2022,510650.06,Sales,130,A123,Time,12/27/2022,5/29/2022
131,8/29/2022,965944.33,Finance,131,C789,Budget,1/7/2022,6/20/2022
132,4/20/2022,948419.44,Sales,132,C789,Budget,9/4/2022,7/22/2022
133,2/9/2022,188346.65,Marketing,133,B456,Resource,8/14/2022,9/15/2022
134,8/11/2022,684017.68,Sales,134,C789,Resource,8/10/2022,6/2/2022
135,7/10/2022,699344.31,Sales,135,B456,Time,7/2/2022,4/29/2022
136,2/2/2022,680103.85,Operations,136,C789,Time,6/29/2022,8/29/2022
137,6/23/2022,700627.76,Operations,137,C789,Time,8/8/2022,4/10/2022
138,1/31/2022,564861.94,Sales,138,A123,Resource,3/26/2022,7/5/2022
139,6/19/2022,425272.36,Marketing,139,C789,Budget,5/10/2022,5/27/2022
140,3/7/2022,433872.0,Finance,140,C789,Time,9/24/2022,11/16/2022
141,5/15/2022,909447.57,Operations,141,A123,Time,11/2/2022,7/7/2022
142,1/25/2022,211285.06,Operations,142,C789,Budget,12/9/2022,3/31/2022
143,5/21/2022,82387.95,Sales,143,A123,Resource,9/28/2022,11/11/2022
144,10/6/2022,818589.65,Marketing,144,A123,Resource,7/1/2022,11/9/2022
145,10/31/2022,994794.49,Finance,145,A123,Time,7/9/2022,10/30/2022
146,4/1/2022,739172.17,Sales,146,A123,Budget,11/10/2022,2/25/2022
147,6/4/2022,789242.68,Finance,147,B456,Time,8/23/2022,9/8/2022
148,12/27/2022,860285.03,Sales,148,B456,Budget,6/16/2022,11/8/2022
149,11/14/2022,953096.46,Marketing,149,B456,Time,11/22/2022,8/13/2022
150,7/31/2022,389900.3,Operations,150,B456,Time,8/6/2022,8/19/2022
151,8/15/2022,704871.88,Sales,151,A123,Time,2/17/2022,2/26/2022
152,7/25/2022,760224.18,Sales,152,C789,Resource,9/3/2022,6/4/2022
153,12/12/2022,918697.4,Marketing,153,C789,Time,3/5/2022,10/4/2022
154,7/26/2022,385697.75,Marketing,154,C789,Time,3/6/2022,11/12/2022
155,8/30/2022,212104.78,Operations,155,B456,Budget,8/3/2022,9/1/2022
156,7/7/2022,986894.23,Finance,156,C789,Resource,2/4/2022,10/22/2022
157,12/14/2022,815456.88,Marketing,157,B456,Budget,3/30/2022,3/5/2022
158,10/16/2022,572105.05,Marketing,158,C789,Budget,6/2/2022,8/30/2022
159,2/13/2022,543556.45,Sales,159,A123,Budget,11/28/2022,11/17/2022
160,7/25/2022,185618.87,Operations,160,A123,Time,9/29/2022,5/19/2022
161,3/23/2022,440596.81,Marketing,161,B456,Resource,1/11/2022,4/21/2022
162,6/17/2022,125954.21,Sales,162,C789,Resource,12/10/2022,2/10/2022
163,6/11/2022,383214.31,Marketing,163,C789,Budget,7/30/2022,6/23/2022
164,12/19/2022,657145.78,Operations,164,B456,Budget,11/29/2022,7/15/2022
165,7/14/2022,231935.59,Sales,165,B456,Time,9/15/2022,3/20/2022
166,4/21/2022,586201.47,Marketing,166,A123,Time,4/18/2022,4/18/2022
167,9/23/2022,132427.17,Operations,167,B456,Budget,6/12/2022,11/16/2022
168,10/28/2022,27844.22,Operations,168,C789,Time,6/18/2022,12/21/2022
169,12/7/2022,272462.1,Finance,169,C789,Resource,7/24/2022,11/2/2022
170,7/24/2022,231596.99,Operations,170,B456,Budget,1/10/2022,9/3/2022
171,10/23/2022,11597.49,Sales,171,A123,Time,6/22/2022,10/31/2022
172,8/10/2022,52763.55,Sales,172,A123,Budget,11/7/2022,9/4/2022
173,5/16/2022,307866.99,Operations,173,A123,Budget,8/12/2022,10/14/2022
174,12/10/2022,632082.59,Marketing,174,B456,Time,3/4/2022,3/28/2022
175,12/21/2022,357042.22,Sales,175,B456,Time,10/25/2022,8/5/2022
176,5/10/2022,125595.47,Finance,176,B456,Resource,2/24/2022,9/24/2022
177,11/1/2022,270014.26,Finance,177,C789,Time,7/25/2022,3/31/2022
178,5/12/2022,998508.25,Operations,178,B456,Time,9/26/2022,5/29/2022
179,1/9/2022,339438.17,Finance,179,C789,Resource,9/14/2022,3/20/2022
180,9/16/2022,425691.32,Marketing,180,A123,Time,10/2/2022,10/5/2022
181,12/6/2022,245409.5,Finance,181,B456,Time,10/11/2022,2/13/2022
182,1/21/2022,965612.32,Operations,182,A123,Resource,4/20/2022,5/9/2022
183,8/19/2022,36164.62,Finance,183,B456,Budget,10/1/2022,6/26/2022
184,5/25/2022,936825.48,Sales,184,B456,Budget,8/30/2022,6/25/2022
185,7/4/2022,316392.09,Marketing,185,A123,Time,8/17/2022,7/3/2022
186,5/29/2022,740555.32,Finance,186,C789,Budget,11/3/2022,4/25/2022
187,3/31/2022,946482.1,Marketing,187,C789,Time,11/18/2022,1/29/2022
188,3/14/2022,613655.21,Finance,188,C789,Budget,10/20/2022,12/9/2022
189,5/30/2022,553252.51,Operations,189,C789,Time,1/2/2022,10/6/2022
190,10/8/2022,71862.42,Operations,190,C789,Resource,2/23/2022,7/11/2022
191,11/24/2022,774531.12,Operations,191,B456,Resource,4/15/2022,11/28/2022
192,4/20/2022,240566.59,Finance,192,A123,Budget,8/27/2022,10/24/2022
193,10/28/2022,888669.71,Sales,193,C789,Budget,6/5/2022,1/12/2022
194,10/5/2022,70520.66,Sales,194,B456,Resource,8/14/2022,9/2/2022
195,1/18/2022,401430.25,Sales,195,C789,Budget,8/12/2022,7/11/2022
196,4/27/2022,790607.71,Finance,196,C789,Time,11/1/2022,2/13/2022
197,11/29/2022,743796.4,Marketing,197,C789,Budget,6/25/2022,6/21/2022
198,12/5/2022,182162.19,Finance,198,C789,Time,6/23/2022,9/25/2022
199,11/12/2022,933659.63,Sales,199,C789,Resource,5/21/2022,2/18/2022
200,10/18/2022,157568.76,Sales,200,C789,Time,2/16/2022,7/23/2022
201,1/6/2022,917025.76,Finance,201,A123,Budget,11/18/2022,11/17/2022
202,7/4/2022,438509.77,Operations,202,C789,Time,7/18/2022,8/20/2022
203,11/3/2022,488026.1,Sales,203,B456,Budget,2/12/2022,7/6/2022
204,4/4/2022,861560.28,Sales,204,B456,Budget,9/8/2022,6/10/2022
205,2/24/2022,705079.52,Finance,205,C789,Budget,8/19/2022,11/27/2022
206,1/14/2022,596298.91,Marketing,206,A123,Resource,5/5/2022,1/14/2022
207,7/30/2022,252655.44,Marketing,207,C789,Budget,10/30/2022,9/29/2022
208,6/4/2022,858303.24,Marketing,208,B456,Budget,4/15/2022,7/25/2022
209,9/28/2022,513785.29,Finance,209,B456,Budget,10/11/2022,11/1/2022
210,7/10/2022,889802.13,Finance,210,B456,Budget,8/2/2022,6/5/2022
211,10/31/2022,249954.21,Finance,211,C789,Resource,5/16/2022,2/21/2022
212,3/5/2022,53224.38,Marketing,212,A123,Time,7/5/2022,7/25/2022
213,9/11/2022,704177.19,Finance,213,A123,Budget,10/17/2022,9/19/2022
214,2/7/2022,434019.57,Finance,214,B456,Resource,9/16/2022,10/6/2022
215,6/3/2022,920385.33,Finance,215,C789,Resource,12/6/2022,9/23/2022
216,4/29/2022,602037.88,Marketing,216,C789,Resource,12/3/2022,8/31/2022
217,1/27/2022,937748.54,Sales,217,C789,Time,3/2/2022,7/20/2022
218,5/26/2022,226586.45,Finance,218,C789,Time,9/2/2022,3/28/2022
219,10/16/2022,561011.37,Marketing,219,A123,Budget,10/19/2022,9/2/2022
220,9/14/2022,239183.93,Marketing,220,C789,Budget,7/7/2022,4/2/2022
221,9/22/2022,860861.06,Operations,221,B456,Budget,7/24/2022,5/13/2022
222,11/7/2022,89016.62,Operations,222,A123,Resource,9/23/2022,7/11/2022
223,3/24/2022,797212.58,Sales,223,C789,Budget,2/18/2022,9/1/2022
224,9/3/2022,662376.43,Sales,224,C789,Resource,12/28/2022,1/16/2022
225,10/1/2022,886522.23,Finance,225,B456,Time,11/3/2022,2/3/2022
226,11/3/2022,250735.37,Marketing,226,B456,Budget,8/19/2022,4/26/2022
227,4/1/2022,401972.14,Operations,227,C789,Time,9/23/2022,9/17/2022
228,3/14/2022,198318.02,Sales,228,C789,Resource,12/12/2022,4/7/2022
229,3/7/2022,255457.68,Marketing,229,B456,Budget,1/13/2022,9/22/2022
230,3/13/2022,688519.15,Marketing,230,C789,Resource,7/10/2022,12/25/2022
231,6/20/2022,842031.44,Sales,231,A123,Resource,5/29/2022,6/13/2022
232,4/1/2022,72772.17,Marketing,232,C789,Time,4/1/2022,5/17/2022
233,1/23/2022,854950.36,Sales,233,C789,Budget,12/30/2022,5/11/2022
234,4/20/2022,718608.31,Operations,234,C789,Budget,1/23/2022,12/13/2022
235,5/2/2022,639936.87,Sales,235,C789,Resource,4/9/2022,4/26/2022
236,10/18/2022,101551.76,Operations,236,C789,Resource,8/6/2022,3/11/2022
237,8/4/2022,508163.1,Finance,237,C789,Resource,8/12/2022,11/16/2022
238,7/7/2022,774277.55,Marketing,238,A123,Budget,10/25/2022,5/17/2022
239,6/11/2022,849269.98,Sales,239,A123,Resource,12/11/2022,6/20/2022
240,1/9/2022,185084.88,Sales,240,C789,Resource,11/11/2022,10/1/2022
241,8/30/2022,38626.65,Operations,241,C789,Resource,3/16/2022,2/13/2022
242,4/16/2022,104389.49,Sales,242,A123,Resource,12/29/2022,8/2/2022
243,8/16/2022,546900.6,Marketing,243,C789,Time,9/30/2022,9/23/2022
244,2/22/2022,318259.27,Finance,244,A123,Resource,6/16/2022,11/14/2022
245,12/22/2022,262145.14,Sales,245,B456,Time,4/5/2022,3/31/2022
246,11/14/2022,134145.98,Marketing,246,A123,Budget,5/27/2022,1/17/2022
247,12/15/2022,706353.19,Finance,247,B456,Budget,5/23/2022,2/19/2022
248,4/28/2022,151124.99,Marketing,248,B456,Resource,7/24/2022,6/15/2022
249,7/22/2022,473557.49,Marketing,249,B456,Resource,6/26/2022,6/12/2022
250,1/29/2022,943907.84,Operations,250,B456,Budget,6/22/2022,5/31/2022
251,10/24/2022,552377.19,Finance,251,C789,Resource,4/21/2022,7/9/2022
252,6/3/2022,157645.08,Sales,252,A123,Budget,3/3/2022,4/19/2022
253,4/29/2022,721542.28,Marketing,253,C789,Time,5/24/2022,10/29/2022
254,9/15/2022,601212.47,Sales,254,C789,Resource,8/11/2022,8/25/2022
255,10/29/2022,250765.05,Marketing,255,C789,Time,2/18/2022,11/14/2022
256,10/28/2022,60055.97,Operations,256,C789,Resource,2/25/2022,8/21/2022
257,11/21/2022,888911.01,Sales,257,C789,Time,7/31/2022,12/7/2022
258,2/20/2022,405708.32,Marketing,258,C789,Budget,1/16/2022,4/30/2022
259,11/17/2022,626919.25,Operations,259,A123,Resource,5/3/2022,3/10/2022
260,10/22/2022,959986.82,Marketing,260,A123,Resource,7/17/2022,10/29/2022
261,9/10/2022,639971.78,Sales,261,A123,Budget,8/31/2022,10/25/2022
262,12/9/2022,877407.41,Sales,262,B456,Budget,2/16/2022,12/16/2022
263,7/13/2022,609946.91,Marketing,263,A123,Resource,4/29/2022,8/30/2022
264,2/20/2022,109321.26,Operations,264,C789,Time,7/26/2022,12/23/2022
265,2/25/2022,912078.35,Sales,265,B456,Resource,3/28/2022,9/30/2022
266,7/30/2022,245997.29,Sales,266,B456,Time,4/19/2022,8/9/2022
267,6/28/2022,22847.91,Marketing,267,A123,Budget,6/3/2022,6/13/2022
268,1/23/2022,799532.95,Finance,268,B456,Time,11/5/2022,9/26/2022
269,10/5/2022,336589.14,Finance,269,B456,Resource,4/9/2022,2/4/2022
270,4/20/2022,723079.94,Marketing,270,B456,Time,9/5/2022,8/11/2022
271,9/20/2022,193099.63,Finance,271,A123,Budget,12/2/2022,11/22/2022
272,6/1/2022,594464.06,Sales,272,B456,Time,2/15/2022,6/24/2022
273,8/17/2022,229664.63,Finance,273,B456,Time,10/22/2022,5/14/2022
274,3/2/2022,590177.02,Sales,274,A123,Time,10/18/2022,12/23/2022
275,9/18/2022,791199.82,Sales,275,A123,Resource,12/19/2022,9/18/2022
276,5/12/2022,899190.27,Marketing,276,A123,Resource,2/7/2022,3/27/2022
277,11/15/2022,92604.84,Sales,277,C789,Resource,1/30/2022,3/15/2022
278,1/28/2022,798513.67,Sales,278,B456,Resource,8/14/2022,3/25/2022
279,12/15/2022,370825.47,Sales,279,A123,Time,9/20/2022,11/29/2022
280,12/22/2022,634428.32,Sales,280,C789,Budget,10/8/2022,6/19/2022
281,1/19/2022,242345.14,Marketing,281,B456,Budget,3/2/2022,2/25/2022
282,1/5/2022,42962.13,Marketing,282,A123,Time,5/22/2022,6/28/2022
283,2/12/2022,586884.82,Marketing,283,B456,Time,7/10/2022,10/26/2022
284,12/5/2022,878979.34,Sales,284,A123,Resource,7/29/2022,1/8/2022
285,12/11/2022,803321.54,Marketing,285,A123,Resource,5/12/2022,8/4/2022
286,1/2/2022,991869.35,Marketing,286,B456,Time,8/8/2022,7/8/2022
287,8/17/2022,372405.1,Finance,287,C789,Time,6/3/2022,1/22/2022
288,5/21/2022,12607.27,Marketing,288,A123,Resource,10/8/2022,6/9/2022
289,10/16/2022,685810.55,Sales,289,C789,Budget,8/22/2022,11/13/2022
290,7/19/2022,881452.24,Operations,290,A123,Resource,5/16/2022,12/12/2022
291,4/20/2022,220766.83,Finance,291,C789,Resource,7/24/2022,10/14/2022
292,6/18/2022,730396.2,Finance,292,A123,Budget,10/24/2022,12/23/2022
293,4/22/2022,822783.35,Marketing,293,A123,Time,11/17/2022,8/4/2022
294,6/8/2022,150053.61,Operations,294,A123,Budget,8/9/2022,1/1/2022
295,3/21/2022,4321.31,Marketing,295,C789,Time,6/26/2022,2/12/2022
296,2/18/2022,40011.56,Marketing,296,A123,Budget,10/31/2022,3/30/2022
297,5/21/2022,202564.19,Sales,297,C789,Time,12/2/2022,12/1/2022
298,11/10/2022,663305.58,Finance,298,A123,Budget,7/12/2022,5/2/2022
299,10/29/2022,796603.45,Marketing,299,A123,Time,12/27/2022,7/4/2022
300,5/21/2022,901961.23,Marketing,300,B456,Time,12/15/2022,5/14/2022
301,11/15/2022,882549.02,Sales,301,A123,Time,1/14/2022,9/6/2022
302,5/15/2022,699854.72,Finance,302,A123,Budget,3/20/2022,9/18/2022
303,12/21/2022,737374.27,Sales,303,B456,Budget,2/16/2022,9/24/2022
304,2/12/2022,24226.39,Finance,304,B456,Budget,4/21/2022,10/8/2022
305,2/28/2022,813615.76,Finance,305,B456,Resource,8/8/2022,3/29/2022
306,7/31/2022,85615.83,Finance,306,C789,Budget,6/12/2022,3/4/2022
307,10/29/2022,528836.21,Sales,307,B456,Budget,2/7/2022,11/17/2022
308,4/15/2022,280872.98,Sales,308,A123,Time,1/20/2022,1/22/2022
309,1/2/2022,472440.97,Finance,309,A123,Resource,12/15/2022,8/2/2022
310,9/16/2022,474991.75,Operations,310,C789,Budget,10/14/2022,8/24/2022
311,7/15/2022,709102.41,Finance,311,A123,Budget,7/30/2022,5/26/2022
312,2/27/2022,123188.42,Marketing,312,B456,Budget,4/29/2022,5/23/2022
313,11/12/2022,923044.9,Sales,313,C789,Budget,9/22/2022,11/16/2022
314,2/28/2022,774597.33,Marketing,314,B456,Budget,10/13/2022,8/29/2022
315,7/5/2022,77015.3,Marketing,315,B456,Budget,4/22/2022,12/26/2022
316,12/13/2022,309914.31,Finance,316,B456,Budget,8/26/2022,9/17/2022
317,12/30/2022,404454.7,Marketing,317,B456,Budget,4/11/2022,10/31/2022
318,6/21/2022,921106.27,Sales,318,A123,Resource,6/4/2022,9/30/2022
319,1/10/2022,539680.82,Sales,319,B456,Resource,5/26/2022,7/5/2022
320,5/26/2022,605701.19,Marketing,320,A123,Resource,12/12/2022,12/27/2022
321,3/17/2022,696911.98,Sales,321,A123,Budget,9/13/2022,2/16/2022
322,11/10/2022,67939.42,Finance,322,B456,Resource,5/22/2022,3/9/2022
323,3/23/2022,633908.67,Finance,323,A123,Time,8/14/2022,6/20/2022
324,4/10/2022,769111.15,Finance,324,B456,Budget,1/7/2022,10/15/2022
325,3/18/2022,579760.05,Sales,325,C789,Time,8/22/2022,8/31/2022
326,8/28/2022,803350.22,Marketing,326,A123,Budget,3/1/2022,11/8/2022
327,11/26/2022,640634.21,Finance,327,C789,Resource,11/6/2022,6/20/2022
328,10/29/2022,852679.5,Marketing,328,A123,Time,3/11/2022,3/12/2022
329,5/1/2022,881920.1,Finance,329,C789,Time,2/8/2022,7/17/2022
330,4/7/2022,251723.65,Finance,330,A123,Time,10/3/2022,8/2/2022
331,4/21/2022,464593.71,Operations,331,B456,Resource,1/9/2022,6/14/2022
332,12/30/2022,849156.76,Sales,332,C789,Budget,9/8/2022,4/11/2022
333,7/31/2022,765309.05,Finance,333,B456,Resource,4/21/2022,1/5/2022
334,8/25/2022,618000.55,Marketing,334,C789,Resource,2/4/2022,6/20/2022
335,4/18/2022,45771.23,Operations,335,A123,Time,1/5/2022,4/7/2022
336,5/19/2022,393590.08,Marketing,336,A123,Budget,9/10/2022,1/16/2022
337,2/1/2022,478478.85,Marketing,337,B456,Resource,2/11/2022,8/20/2022
338,12/21/2022,822107.18,Sales,338,A123,Resource,11/22/2022,1/30/2022
339,4/29/2022,877362.24,Sales,339,C789,Time,10/3/2022,10/8/2022
340,12/18/2022,576499.54,Operations,340,A123,Budget,11/27/2022,3/23/2022
341,7/13/2022,214793.81,Sales,341,B456,Budget,2/7/2022,5/20/2022
342,8/21/2022,748456.7,Marketing,342,B456,Budget,9/7/2022,7/14/2022
343,4/25/2022,25498.24,Operations,343,C789,Budget,3/17/2022,3/20/2022
344,2/27/2022,773456.24,Marketing,344,A123,Budget,3/4/2022,4/12/2022
345,1/6/2022,851362.81,Finance,345,B456,Budget,11/23/2022,8/18/2022
346,2/26/2022,673096.13,Finance,346,A123,Resource,10/27/2022,3/21/2022
347,12/1/2022,613509.0,Sales,347,A123,Resource,4/18/2022,4/20/2022
348,8/22/2022,656356.13,Finance,348,C789,Resource,1/19/2022,6/29/2022
349,8/1/2022,822645.69,Marketing,349,C789,Time,3/22/2022,9/5/2022
350,10/13/2022,148261.09,Operations,350,C789,Budget,6/16/2022,6/3/2022
351,5/23/2022,471483.56,Operations,351,C789,Time,6/19/2022,7/20/2022
352,1/13/2022,28254.26,Operations,352,A123,Resource,7/22/2022,10/23/2022
353,12/3/2022,448027.5,Finance,353,C789,Budget,7/30/2022,11/25/2022
354,1/16/2022,507059.79,Sales,354,B456,Resource,12/19/2022,7/9/2022
355,6/2/2022,775517.92,Operations,355,B456,Time,10/11/2022,11/19/2022
356,10/7/2022,131589.62,Sales,356,A123,Time,10/21/2022,1/19/2022
357,6/10/2022,409819.89,Finance,357,C789,Time,9/20/2022,7/20/2022
358,4/9/2022,215309.0,Operations,358,A123,Budget,8/12/2022,5/25/2022
359,8/27/2022,250596.62,Finance,359,C789,Time,12/22/2022,2/19/2022
360,10/1/2022,347871.9,Finance,360,A123,Time,12/23/2022,3/26/2022
361,8/17/2022,343456.52,Finance,361,A123,Budget,12/3/2022,7/9/2022
362,9/9/2022,344280.21,Finance,362,B456,Budget,7/16/2022,10/19/2022
363,3/8/2022,988361.15,Finance,363,B456,Resource,3/31/2022,6/17/2022
364,5/15/2022,417545.49,Sales,364,A123,Budget,6/7/2022,10/17/2022
365,4/17/2022,447740.11,Operations,365,C789,Time,12/13/2022,8/9/2022
366,7/4/2022,341323.0,Marketing,366,C789,Time,4/3/2022,12/9/2022
367,2/18/2022,53514.58,Sales,367,C789,Time,10/4/2022,7/9/2022
368,4/15/2022,28182.86,Finance,368,B456,Budget,1/3/2022,12/23/2022
369,1/12/2022,713607.46,Finance,369,B456,Time,10/5/2022,5/11/2022
370,11/18/2022,541863.79,Operations,370,A123,Time,10/20/2022,10/22/2022
371,8/9/2022,69233.04,Marketing,371,B456,Time,9/13/2022,2/9/2022
372,1/13/2022,516905.27,Marketing,372,C789,Budget,8/13/2022,1/19/2022
373,1/1/2022,56382.43,Marketing,373,A123,Time,5/1/2022,1/25/2022
374,1/17/2022,633146.99,Operations,374,A123,Resource,2/24/2022,9/21/2022
375,12/8/2022,884664.48,Marketing,375,C789,Budget,10/1/2022,9/1/2022
376,2/25/2022,384467.33,Marketing,376,B456,Resource,10/18/2022,2/2/2022
377,8/29/2022,873238.77,Marketing,377,C789,Resource,11/1/2022,11/19/2022
378,4/15/2022,291586.37,Sales,378,A123,Resource,9/22/2022,3/16/2022
379,2/15/2022,932811.57,Finance,379,C789,Time,2/16/2022,10/28/2022
380,8/2/2022,529389.04,Finance,380,C789,Budget,12/16/2022,10/30/2022
381,1/6/2022,317048.24,Sales,381,B456,Time,1/7/2022,6/20/2022
382,1/10/2022,472481.59,Marketing,382,B456,Time,8/29/2022,6/30/2022
383,9/22/2022,57538.24,Marketing,383,A123,Resource,12/17/2022,9/5/2022
384,3/18/2022,698887.88,Operations,384,B456,Time,11/29/2022,6/7/2022
385,8/17/2022,308139.94,Marketing,385,A123,Budget,11/29/2022,3/18/2022
386,8/19/2022,661538.8,Sales,386,B456,Budget,12/30/2022,8/21/2022
387,7/11/2022,536356.96,Sales,387,C789,Budget,6/21/2022,10/24/2022
388,11/16/2022,805937.04,Sales,388,C789,Budget,12/28/2022,4/4/2022
389,5/27/2022,531559.16,Sales,389,B456,Budget,8/7/2022,11/13/2022
390,10/15/2022,647555.65,Finance,390,A123,Time,7/4/2022,1/10/2022
391,6/8/2022,307511.74,Finance,391,B456,Resource,6/14/2022,8/15/2022
392,3/2/2022,311678.77,Sales,392,C789,Time,6/17/2022,3/3/2022
393,6/4/2022,768463.15,Marketing,393,A123,Time,5/27/2022,6/22/2022
394,4/1/2022,692995.82,Sales,394,A123,Budget,3/20/2022,12/24/2022
395,3/21/2022,413447.06,Operations,395,B456,Time,7/19/2022,3/2/2022
396,4/2/2022,746832.14,Sales,396,C789,Resource,9/20/2022,3/28/2022
397,2/6/2022,477640.39,Sales,397,B456,Budget,3/31/2022,5/21/2022
398,9/19/2022,560008.48,Sales,398,A123,Time,7/22/2022,2/25/2022
399,10/19/2022,16666.09,Sales,399,A123,Resource,7/25/2022,5/5/2022
400,8/26/2022,29695.4,Finance,400,B456,Resource,11/15/2022,12/17/2022
401,1/11/2022,521074.26,Operations,401,A123,Budget,4/21/2022,9/27/2022
402,4/10/2022,253660.27,Operations,402,C789,Time,2/22/2022,11/5/2022
403,2/2/2022,462240.82,Sales,403,B456,Budget,2/20/2022,8/14/2022
404,12/12/2022,865982.98,Finance,404,A123,Budget,1/23/2022,6/21/2022
405,4/3/2022,293360.53,Sales,405,C789,Budget,3/23/2022,3/12/2022
406,1/25/2022,754979.91,Marketing,406,C789,Resource,12/8/2022,6/17/2022
407,9/12/2022,46637.85,Marketing,407,C789,Time,11/17/2022,1/7/2022
408,4/11/2022,252051.4,Sales,408,C789,Budget,11/15/2022,12/22/2022
409,9/5/2022,574046.6,Finance,409,B456,Budget,7/3/2022,11/7/2022
410,8/14/2022,73133.98,Marketing,410,C789,Time,10/14/2022,8/21/2022
411,11/29/2022,696611.29,Finance,411,C789,Time,9/18/2022,2/8/2022
412,6/7/2022,24420.97,Finance,412,A123,Time,11/30/2022,10/4/2022
413,4/17/2022,97121.18,Marketing,413,B456,Resource,4/28/2022,10/1/2022
414,7/14/2022,296867.02,Finance,414,C789,Resource,10/17/2022,8/19/2022
415,9/27/2022,429266.57,Marketing,415,C789,Budget,1/13/2022,9/11/2022
416,2/12/2022,641921.21,Finance,416,B456,Resource,7/17/2022,11/9/2022
417,2/3/2022,504749.9,Operations,417,B456,Time,6/2/2022,1/9/2022
418,3/1/2022,558864.71,Finance,418,C789,Resource,1/5/2022,6/30/2022
419,2/7/2022,413676.38,Marketing,419,B456,Time,3/14/2022,11/3/2022
420,8/7/2022,633394.34,Marketing,420,A123,Resource,6/4/2022,5/25/2022
421,5/3/2022,445481.83,Operations,421,A123,Resource,2/4/2022,7/25/2022
422,7/4/2022,731650.4,Marketing,422,C789,Time,3/21/2022,4/6/2022
423,1/18/2022,833619.23,Marketing,423,C789,Time,8/23/2022,7/6/2022
424,11/23/2022,612009.24,Marketing,424,C789,Time,11/22/2022,12/8/2022
425,1/19/2022,103531.74,Marketing,425,A123,Budget,12/6/2022,10/22/2022
426,10/20/2022,99947.57,Marketing,426,C789,Resource,8/25/2022,8/11/2022
427,10/27/2022,770628.73,Marketing,427,B456,Budget,11/29/2022,3/17/2022
428,12/9/2022,764209.66,Sales,428,B456,Time,1/14/2022,2/26/2022
429,9/26/2022,431863.49,Operations,429,A123,Budget,9/25/2022,1/16/2022
430,11/27/2022,132383.71,Marketing,430,B456,Resource,11/27/2022,9/27/2022
431,3/9/2022,118850.02,Finance,431,A123,Time,2/13/2022,10/19/2022
432,6/3/2022,802527.24,Operations,432,B456,Budget,7/28/2022,8/15/2022
433,7/24/2022,903366.71,Marketing,433,A123,Time,10/3/2022,7/11/2022
434,4/17/2022,120260.97,Operations,434,B456,Resource,8/18/2022,1/9/2022
435,3/14/2022,822456.94,Finance,435,C789,Resource,2/13/2022,4/22/2022
436,10/19/2022,431680.59,Operations,436,B456,Resource,1/30/2022,3/30/2022
437,9/23/2022,456065.79,Operations,437,A123,Resource,10/19/2022,1/12/2022
438,8/26/2022,155178.61,Sales,438,B456,Budget,6/17/2022,3/13/2022
439,10/7/2022,683492.34,Operations,439,A123,Budget,10/11/2022,3/3/2022
440,5/9/2022,84065.47,Operations,440,C789,Time,7/31/2022,4/29/2022
441,6/5/2022,131984.72,Finance,441,C789,Time,11/2/2022,2/7/2022
442,5/21/2022,718905.53,Operations,442,A123,Time,7/26/2022,10/13/2022
443,3/9/2022,356782.52,Marketing,443,C789,Budget,6/9/2022,3/6/2022
444,9/9/2022,704704.58,Marketing,444,C789,Time,2/10/2022,4/13/2022
445,8/20/2022,284201.67,Marketing,445,B456,Resource,7/15/2022,5/19/2022
446,10/30/2022,725135.21,Sales,446,A123,Budget,9/29/2022,2/6/2022
447,7/7/2022,826349.48,Operations,447,C789,Budget,7/22/2022,5/6/2022
448,7/3/2022,309337.99,Finance,448,B456,Budget,12/17/2022,9/6/2022
449,11/30/2022,428949.58,Operations,449,C789,Time,12/9/2022,2/3/2022
450,5/9/2022,98292.74,Sales,450,A123,Budget,6/30/2022,12/14/2022
451,5/2/2022,492254.1,Sales,451,C789,Time,11/14/2022,7/11/2022
452,4/23/2022,16405.57,Finance,452,B456,Budget,12/13/2022,1/12/2022
453,4/13/2022,523432.81,Sales,453,A123,Time,9/15/2022,2/17/2022
454,5/13/2022,582204.94,Operations,454,A123,Budget,4/1/2022,7/21/2022
455,9/1/2022,858325.25,Sales,455,A123,Resource,4/25/2022,8/30/2022
456,1/28/2022,576400.41,Finance,456,B456,Resource,11/4/2022,11/21/2022
457,6/10/2022,733467.94,Sales,457,B456,Resource,8/24/2022,7/8/2022
458,11/25/2022,448246.09,Operations,458,A123,Budget,5/18/2022,9/21/2022
459,11/12/2022,514193.92,Finance,459,B456,Budget,10/18/2022,6/3/2022
460,2/13/2022,334824.95,Sales,460,C789,Resource,10/15/2022,9/20/2022
461,9/15/2022,89008.6,Operations,461,B456,Budget,12/24/2022,8/1/2022
462,2/9/2022,623131.94,Sales,462,C789,Budget,8/26/2022,3/3/2022
463,4/13/2022,532985.39,Sales,463,B456,Time,7/15/2022,12/19/2022
464,7/8/2022,814987.42,Finance,464,A123,Budget,10/31/2022,3/7/2022
465,8/16/2022,505452.02,Sales,465,A123,Budget,3/24/2022,3/15/2022
466,1/30/2022,933068.75,Finance,466,A123,Budget,8/28/2022,4/7/2022
467,8/31/2022,510976.49,Sales,467,B456,Resource,7/14/2022,8/9/2022
468,11/8/2022,414847.75,Sales,468,C789,Time,6/25/2022,9/16/2022
469,10/31/2022,693464.64,Sales,469,C789,Time,1/16/2022,12/27/2022
470,4/5/2022,500090.29,Finance,470,A123,Resource,8/12/2022,6/12/2022
471,3/22/2022,372237.74,Marketing,471,C789,Budget,4/17/2022,11/4/2022
472,7/16/2022,915290.65,Sales,472,C789,Resource,9/17/2022,7/19/2022
473,1/1/2022,431059.72,Marketing,473,C789,Time,12/20/2022,4/28/2022
474,3/4/2022,127498.86,Sales,474,B456,Resource,2/2/2022,1/10/2022
475,10/12/2022,168660.96,Operations,475,B456,Time,12/23/2022,4/12/2022
476,12/7/2022,587975.02,Sales,476,A123,Resource,7/26/2022,11/1/2022
477,1/8/2022,529600.51,Operations,477,B456,Budget,1/8/2022,2/17/2022
478,10/2/2022,454083.61,Marketing,478,A123,Resource,11/19/2022,12/12/2022
479,10/4/2022,971559.63,Finance,479,B456,Resource,11/4/2022,11/8/2022
480,12/20/2022,159816.63,Marketing,480,B456,Time,12/11/2022,11/1/2022
481,1/4/2022,375860.38,Finance,481,A123,Budget,4/20/2022,2/12/2022
482,8/30/2022,421093.27,Finance,482,C789,Resource,11/28/2022,12/18/2022
483,3/31/2022,749975.54,Operations,483,C789,Resource,10/18/2022,11/17/2022
484,10/18/2022,780693.32,Sales,484,B456,Resource,7/1/2022,3/20/2022
485,9/17/2022,166239.85,Finance,485,C789,Resource,10/14/2022,9/10/2022
486,3/11/2022,296251.8,Operations,486,C789,Time,10/3/2022,10/30/2022
487,10/5/2022,484095.59,Sales,487,B456,Resource,6/14/2022,9/21/2022
488,11/27/2022,228184.48,Finance,488,C789,Budget,10/5/2022,3/12/2022
489,6/29/2022,126746.96,Sales,489,B456,Resource,1/31/2022,3/28/2022
490,7/7/2022,59560.04,Marketing,490,C789,Time,9/9/2022,1/10/2022
491,8/8/2022,536087.22,Sales,491,C789,Time,5/19/2022,4/30/2022
492,8/14/2022,267649.18,Finance,492,B456,Time,10/3/2022,11/20/2022
493,2/1/2022,195592.4,Marketing,493,B456,Budget,5/20/2022,1/27/2022
494,12/9/2022,511261.26,Finance,494,A123,Time,12/2/2022,4/5/2022
495,4/22/2022,293425.16,Finance,495,C789,Resource,2/4/2022,7/1/2022
496,9/23/2022,645670.3,Sales,496,A123,Resource,12/26/2022,2/12/2022
497,3/24/2022,229211.07,Finance,497,C789,Time,10/7/2022,2/11/2022
498,8/19/2022,531611.57,Sales,498,C789,Resource,10/21/2022,12/29/2022
499,2/10/2022,676655.57,Sales,499,B456,Time,3/13/2022,12/2/2022
500,1/14/2022,910933.22,Operations,500,C789,Budget,10/3/2022,6/9/2022
501,12/26/2022,75389.29,Sales,501,B456,Budget,7/6/2022,9/23/2022
502,10/13/2022,366567.48,Marketing,502,A123,Budget,8/26/2022,10/20/2022
503,11/29/2022,199047.32,Sales,503,B456,Resource,10/29/2022,1/9/2022
504,5/16/2022,850275.98,Marketing,504,C789,Time,12/27/2022,8/16/2022
505,8/28/2022,826004.59,Sales,505,C789,Resource,11/17/2022,4/21/2022
506,5/8/2022,648737.69,Finance,506,C789,Budget,7/18/2022,7/5/2022
507,1/14/2022,835828.52,Operations,507,A123,Time,12/26/2022,8/4/2022
508,10/1/2022,247702.2,Finance,508,B456,Budget,8/13/2022,9/28/2022
509,9/12/2022,144898.92,Operations,509,C789,Resource,11/30/2022,1/11/2022
510,11/22/2022,585961.12,Marketing,510,A123,Time,3/28/2022,6/6/2022
511,5/11/2022,718698.3,Operations,511,B456,Budget,4/5/2022,7/3/2022
512,1/10/2022,141366.98,Marketing,512,C789,Resource,9/22/2022,7/15/2022
513,5/20/2022,633379.89,Operations,513,C789,Budget,6/16/2022,4/10/2022
514,1/26/2022,966549.13,Operations,514,C789,Budget,4/6/2022,5/2/2022
515,4/20/2022,990960.95,Sales,515,B456,Time,1/13/2022,3/25/2022
516,8/21/2022,893368.61,Marketing,516,A123,Resource,2/3/2022,8/8/2022
517,6/1/2022,473384.4,Finance,517,B456,Time,7/3/2022,9/30/2022
518,8/18/2022,155944.7,Operations,518,B456,Time,10/7/2022,2/22/2022
519,9/1/2022,350536.15,Finance,519,A123,Time,6/21/2022,9/18/2022
520,12/24/2022,965251.04,Sales,520,B456,Time,11/18/2022,11/5/2022
521,11/30/2022,556430.04,Operations,521,A123,Budget,2/14/2022,8/19/2022
522,3/5/2022,957956.1,Sales,522,B456,Budget,12/26/2022,5/30/2022
523,1/31/2022,463082.7,Operations,523,A123,Time,9/14/2022,11/15/2022
524,4/18/2022,802969.92,Finance,524,B456,Time,9/25/2022,1/23/2022
525,1/18/2022,449668.48,Sales,525,A123,Time,8/7/2022,9/15/2022
526,7/17/2022,150714.53,Sales,526,B456,Time,12/7/2022,9/1/2022
527,4/13/2022,42954.47,Sales,527,C789,Time,1/7/2022,2/24/2022
528,7/8/2022,350793.2,Sales,528,B456,Resource,8/4/2022,5/3/2022
529,8/31/2022,185544.07,Operations,529,B456,Resource,8/25/2022,7/28/2022
530,1/10/2022,266170.69,Sales,530,B456,Time,5/27/2022,8/17/2022
531,5/25/2022,917386.43,Operations,531,A123,Resource,6/27/2022,7/12/2022
532,4/9/2022,504104.77,Finance,532,B456,Budget,2/20/2022,1/15/2022
533,1/9/2022,87171.45,Finance,533,B456,Budget,11/1/2022,11/23/2022
534,4/13/2022,827283.31,Marketing,534,C789,Resource,9/3/2022,11/11/2022
535,12/10/2022,313909.54,Sales,535,B456,Budget,1/9/2022,11/18/2022
536,12/12/2022,585877.95,Sales,536,C789,Budget,2/28/2022,4/24/2022
537,9/27/2022,467990.8,Sales,537,C789,Time,7/27/2022,7/15/2022
538,10/24/2022,26781.99,Marketing,538,B456,Budget,11/14/2022,4/11/2022
539,2/16/2022,982106.44,Operations,539,A123,Resource,10/10/2022,10/8/2022
540,4/21/2022,259902.56,Marketing,540,C789,Budget,4/22/2022,8/13/2022
541,8/8/2022,670613.57,Marketing,541,A123,Time,12/29/2022,4/14/2022
542,2/22/2022,501716.92,Sales,542,A123,Budget,7/17/2022,11/13/2022
543,9/5/2022,839600.34,Operations,543,B456,Resource,6/7/2022,6/22/2022
544,5/19/2022,509159.4,Operations,544,B456,Time,1/19/2022,12/19/2022
545,2/23/2022,831229.95,Marketing,545,C789,Resource,6/27/2022,2/14/2022
546,9/22/2022,202204.02,Operations,546,C789,Resource,2/1/2022,6/7/2022
547,10/6/2022,951797.24,Operations,547,C789,Budget,5/22/2022,6/19/2022
548,4/30/2022,289580.78,Operations,548,A123,Budget,9/6/2022,2/6/2022
549,4/20/2022,218100.76,Operations,549,B456,Time,3/6/2022,2/3/2022
550,7/18/2022,258287.61,Sales,550,B456,Time,11/24/2022,8/7/2022
551,6/5/2022,922720.51,Marketing,551,C789,Resource,10/31/2022,3/16/2022
552,3/27/2022,105187.33,Marketing,552,A123,Budget,2/19/2022,8/24/2022
553,10/8/2022,339117.35,Operations,553,A123,Resource,3/22/2022,5/7/2022
554,7/16/2022,149301.19,Finance,554,B456,Resource,11/28/2022,4/5/2022
555,9/27/2022,926141.15,Finance,555,A123,Budget,2/3/2022,2/22/2022
556,3/7/2022,760192.4,Finance,556,A123,Budget,6/18/2022,8/5/2022
557,8/10/2022,654909.37,Marketing,557,C789,Resource,10/19/2022,11/21/2022
558,1/2/2022,234131.19,Finance,558,A123,Resource,12/29/2022,12/10/2022
559,6/17/2022,95555.52,Marketing,559,C789,Budget,3/7/2022,11/24/2022
560,10/12/2022,997380.72,Sales,560,B456,Time,4/11/2022,8/29/2022
561,8/19/2022,508772.69,Finance,561,C789,Time,1/4/2022,6/14/2022
562,10/25/2022,675172.95,Marketing,562,A123,Time,1/20/2022,9/22/2022
563,3/13/2022,727368.68,Operations,563,A123,Resource,7/12/2022,8/12/2022
564,8/27/2022,590672.54,Sales,564,B456,Time,3/7/2022,2/4/2022
565,10/6/2022,812746.81,Finance,565,A123,Budget,10/17/2022,7/8/2022
566,6/18/2022,633213.41,Sales,566,A123,Resource,4/21/2022,8/15/2022
567,12/6/2022,48147.04,Marketing,567,A123,Resource,7/14/2022,7/16/2022
568,8/13/2022,602801.69,Marketing,568,B456,Time,9/23/2022,9/20/2022
569,8/30/2022,720594.25,Sales,569,B456,Time,12/12/2022,5/27/2022
570,8/20/2022,185223.36,Operations,570,A123,Budget,7/27/2022,11/14/2022
571,11/22/2022,919155.17,Sales,571,B456,Budget,12/7/2022,8/18/2022
572,4/20/2022,109553.37,Operations,572,B456,Time,4/3/2022,4/29/2022
573,2/7/2022,904828.16,Sales,573,C789,Resource,9/2/2022,6/3/2022
574,12/27/2022,752569.4,Finance,574,A123,Budget,4/1/2022,7/12/2022
575,1/20/2022,835442.47,Operations,575,B456,Resource,9/19/2022,2/16/2022
576,3/31/2022,553984.97,Sales,576,C789,Resource,2/7/2022,8/13/2022
577,10/28/2022,666607.05,Finance,577,B456,Time,5/8/2022,11/25/2022
578,8/15/2022,821646.59,Marketing,578,C789,Time,3/4/2022,12/21/2022
579,1/14/2022,651104.0,Finance,579,A123,Time,6/30/2022,9/22/2022
580,3/2/2022,405302.07,Operations,580,C789,Resource,9/15/2022,5/9/2022
581,3/24/2022,271138.8,Marketing,581,A123,Time,7/23/2022,5/21/2022
582,4/25/2022,341108.9,Marketing,582,A123,Budget,7/30/2022,12/13/2022
583,11/10/2022,810759.85,Marketing,583,C789,Resource,10/27/2022,4/29/2022
584,9/23/2022,591239.16,Sales,584,A123,Time,4/22/2022,1/19/2022
585,10/4/2022,901169.38,Sales,585,C789,Time,1/9/2022,1/10/2022
586,11/2/2022,684314.1,Finance,586,B456,Resource,1/20/2022,7/27/2022
587,2/23/2022,533370.86,Finance,587,A123,Time,12/15/2022,1/20/2022
588,10/29/2022,502680.64,Finance,588,B456,Budget,6/11/2022,11/16/2022
589,3/11/2022,746006.66,Operations,589,C789,Budget,3/21/2022,6/28/2022
590,3/2/2022,163316.66,Finance,590,B456,Budget,1/20/2022,9/15/2022
591,12/13/2022,291439.24,Sales,591,C789,Time,1/26/2022,1/4/2022
592,3/6/2022,253922.27,Finance,592,A123,Time,5/8/2022,1/21/2022
593,11/24/2022,527403.91,Marketing,593,A123,Budget,1/2/2022,6/5/2022
594,6/19/2022,410283.08,Marketing,594,C789,Time,5/31/2022,5/4/2022
595,12/14/2022,433289.01,Marketing,595,C789,Budget,5/8/2022,7/1/2022
596,1/28/2022,44986.15,Operations,596,A123,Time,10/1/2022,7/13/2022
597,3/19/2022,845975.29,Sales,597,B456,Budget,12/6/2022,6/21/2022
598,6/12/2022,451432.72,Sales,598,B456,Time,1/28/2022,10/15/2022
599,1/1/2022,372996.22,Operations,599,C789,Time,1/6/2022,8/22/2022
600,6/14/2022,176197.57,Sales,600,C789,Time,7/30/2022,5/4/2022
601,3/12/2022,963912.74,Operations,601,A123,Time,8/20/2022,2/28/2022
602,7/15/2022,119448.46,Finance,602,C789,Budget,8/30/2022,10/6/2022
603,12/14/2022,779547.21,Marketing,603,A123,Time,6/17/2022,10/31/2022
604,4/18/2022,322680.68,Operations,604,C789,Resource,4/3/2022,12/16/2022
605,11/12/2022,749111.62,Operations,605,B456,Time,6/8/2022,11/17/2022
606,4/2/2022,760311.53,Operations,606,C789,Resource,6/12/2022,2/21/2022
607,10/6/2022,636444.2,Finance,607,A123,Resource,12/27/2022,10/14/2022
608,4/5/2022,36201.67,Finance,608,C789,Resource,10/20/2022,10/10/2022
609,2/12/2022,352690.3,Sales,609,A123,Budget,4/1/2022,12/19/2022
610,8/20/2022,833736.64,Sales,610,C789,Resource,7/14/2022,8/19/2022
611,4/5/2022,737559.07,Marketing,611,B456,Budget,4/4/2022,12/30/2022
612,8/31/2022,200052.46,Marketing,612,C789,Resource,7/27/2022,5/4/2022
613,3/26/2022,781304.88,Sales,613,A123,Budget,11/12/2022,11/13/2022
614,7/4/2022,357993.12,Finance,614,A123,Budget,5/14/2022,9/17/2022
615,11/30/2022,797360.28,Finance,615,C789,Time,4/9/2022,9/24/2022
616,5/5/2022,700378.04,Sales,616,B456,Resource,10/5/2022,1/10/2022
617,11/25/2022,525651.92,Finance,617,A123,Budget,4/14/2022,3/5/2022
618,3/5/2022,750503.88,Sales,618,B456,Resource,12/2/2022,11/7/2022
619,5/25/2022,960848.26,Operations,619,A123,Resource,12/3/2022,5/17/2022
620,4/12/2022,721861.35,Marketing,620,C789,Resource,11/30/2022,3/31/2022
621,10/22/2022,683355.54,Finance,621,A123,Time,6/7/2022,10/24/2022
622,3/1/2022,41698.12,Sales,622,B456,Resource,5/15/2022,8/5/2022
623,1/28/2022,185229.8,Sales,623,B456,Resource,11/19/2022,7/9/2022
624,2/3/2022,275387.0,Finance,624,A123,Time,7/26/2022,9/27/2022
625,5/15/2022,947750.14,Sales,625,A123,Time,8/29/2022,6/14/2022
626,12/14/2022,682624.02,Operations,626,C789,Resource,1/16/2022,12/21/2022
627,7/10/2022,529141.7,Sales,627,B456,Resource,1/30/2022,11/14/2022
628,6/23/2022,301095.56,Operations,628,C789,Budget,10/22/2022,7/6/2022
629,10/23/2022,297402.97,Operations,629,B456,Resource,12/12/2022,6/25/2022
630,10/5/2022,676960.69,Finance,630,A123,Time,12/21/2022,1/22/2022
631,2/2/2022,448169.03,Operations,631,C789,Time,7/13/2022,2/18/2022
632,3/21/2022,776920.71,Operations,632,A123,Budget,8/27/2022,4/6/2022
633,1/28/2022,624428.8,Sales,633,A123,Budget,5/22/2022,2/4/2022
634,3/22/2022,338280.53,Finance,634,C789,Budget,6/16/2022,10/9/2022
635,8/20/2022,927117.64,Finance,635,A123,Time,11/8/2022,2/5/2022
636,2/28/2022,833372.15,Sales,636,B456,Time,6/4/2022,7/18/2022
637,12/22/2022,355307.89,Sales,637,A123,Budget,12/8/2022,11/18/2022
638,7/18/2022,609888.5,Sales,638,C789,Resource,9/2/2022,10/29/2022
639,11/3/2022,576994.49,Sales,639,C789,Resource,7/19/2022,7/24/2022
640,5/22/2022,449964.18,Operations,640,B456,Time,10/22/2022,8/19/2022
641,11/17/2022,252919.51,Sales,641,A123,Resource,3/10/2022,7/21/2022
642,4/28/2022,817216.8,Sales,642,A123,Budget,4/2/2022,7/1/2022
643,10/11/2022,741714.73,Sales,643,A123,Budget,1/2/2022,5/22/2022
644,9/9/2022,660025.69,Operations,644,B456,Resource,9/25/2022,7/21/2022
645,10/7/2022,491469.39,Marketing,645,C789,Budget,6/15/2022,6/17/2022
646,5/12/2022,617776.01,Operations,646,A123,Budget,12/25/2022,10/25/2022
647,1/24/2022,797886.55,Finance,647,C789,Budget,6/20/2022,12/10/2022
648,6/29/2022,542785.11,Sales,648,C789,Time,8/12/2022,6/19/2022
649,7/12/2022,558924.87,Sales,649,A123,Budget,5/16/2022,9/4/2022
650,7/10/2022,639859.91,Finance,650,B456,Time,9/14/2022,11/15/2022
651,11/18/2022,872231.4,Marketing,651,B456,Budget,9/18/2022,4/17/2022
652,9/2/2022,169239.73,Sales,652,B456,Resource,11/12/2022,6/6/2022
653,1/22/2022,95002.48,Finance,653,C789,Time,8/23/2022,1/27/2022
654,9/29/2022,875887.41,Finance,654,A123,Time,6/16/2022,12/5/2022
655,11/28/2022,439299.37,Marketing,655,A123,Time,12/4/2022,6/10/2022
656,8/2/2022,937680.28,Operations,656,A123,Budget,7/26/2022,1/11/2022
657,4/6/2022,18357.42,Marketing,657,B456,Time,11/4/2022,9/22/2022
658,4/21/2022,17942.05,Operations,658,B456,Time,10/13/2022,4/5/2022
659,6/14/2022,189978.11,Finance,659,B456,Resource,6/21/2022,1/3/2022
660,6/30/2022,937053.35,Operations,660,B456,Time,8/6/2022,4/19/2022
661,1/11/2022,147679.58,Operations,661,B456,Resource,1/17/2022,8/23/2022
662,8/7/2022,611863.69,Marketing,662,A123,Time,8/2/2022,2/26/2022
663,11/9/2022,120302.4,Marketing,663,B456,Time,10/15/2022,2/1/2022
664,9/26/2022,942566.67,Operations,664,A123,Time,10/27/2022,3/3/2022
665,5/24/2022,258830.1,Marketing,665,B456,Resource,3/28/2022,7/15/2022
666,12/15/2022,524538.21,Sales,666,C789,Time,6/30/2022,4/15/2022
667,11/4/2022,760076.82,Marketing,667,C789,Time,2/8/2022,11/24/2022
668,10/24/2022,480984.32,Operations,668,A123,Budget,1/21/2022,11/24/2022
669,5/1/2022,662052.1,Operations,669,C789,Budget,2/5/2022,7/14/2022
670,10/25/2022,702755.61,Marketing,670,A123,Budget,9/2/2022,2/2/2022
671,11/23/2022,392510.79,Sales,671,A123,Time,8/27/2022,5/4/2022
672,11/9/2022,133441.46,Finance,672,C789,Time,2/20/2022,3/20/2022
673,8/24/2022,179840.96,Sales,673,B456,Resource,8/1/2022,1/5/2022
674,4/2/2022,452446.81,Finance,674,A123,Time,5/27/2022,11/20/2022
675,5/16/2022,434137.7,Sales,675,C789,Time,3/28/2022,11/16/2022
676,4/12/2022,402588.84,Marketing,676,A123,Time,6/17/2022,12/9/2022
677,8/4/2022,523270.95,Operations,677,B456,Resource,4/6/2022,9/10/2022
678,3/26/2022,619832.69,Operations,678,A123,Resource,5/29/2022,11/10/2022
679,2/24/2022,75841.29,Operations,679,A123,Time,7/9/2022,11/2/2022
680,4/20/2022,154870.26,Sales,680,B456,Resource,8/21/2022,12/16/2022
681,8/24/2022,222357.31,Finance,681,C789,Budget,5/20/2022,8/9/2022
682,8/27/2022,41592.29,Operations,682,A123,Budget,1/20/2022,2/2/2022
683,6/8/2022,431275.99,Operations,683,B456,Resource,2/14/2022,5/7/2022
684,2/8/2022,627642.22,Operations,684,C789,Time,6/8/2022,8/17/2022
685,1/15/2022,150535.1,Finance,685,A123,Budget,3/29/2022,7/26/2022
686,12/3/2022,89565.74,Operations,686,C789,Resource,1/24/2022,5/28/2022
687,3/27/2022,674237.87,Operations,687,A123,Resource,1/19/2022,10/24/2022
688,4/29/2022,867643.93,Finance,688,B456,Time,1/7/2022,3/31/2022
689,9/7/2022,539903.48,Finance,689,C789,Time,2/2/2022,2/14/2022
690,11/25/2022,244474.84,Sales,690,B456,Budget,5/16/2022,3/30/2022
691,7/1/2022,577974.13,Finance,691,A123,Budget,8/9/2022,2/18/2022
692,2/15/2022,843015.76,Sales,692,C789,Time,5/14/2022,8/20/2022
693,2/23/2022,859635.65,Sales,693,B456,Budget,1/9/2022,11/25/2022
694,6/18/2022,118182.22,Sales,694,A123,Budget,12/18/2022,11/12/2022
695,10/26/2022,951300.5,Operations,695,B456,Budget,10/29/2022,2/5/2022
696,2/11/2022,478532.0,Sales,696,C789,Time,1/18/2022,7/26/2022
697,10/18/2022,789001.96,Operations,697,A123,Resource,7/4/2022,2/20/2022
698,11/9/2022,206481.27,Operations,698,C789,Time,2/16/2022,5/10/2022
699,12/8/2022,768237.2,Sales,699,B456,Budget,5/2/2022,11/15/2022
700,2/26/2022,609500.41,Finance,700,C789,Time,8/27/2022,12/4/2022
701,9/3/2022,643528.99,Sales,701,A123,Resource,11/21/2022,1/31/2022
702,9/29/2022,733140.35,Finance,702,B456,Budget,1/2/2022,3/13/2022
703,2/23/2022,279332.71,Sales,703,C789,Resource,4/2/2022,7/11/2022
704,7/2/2022,938378.39,Operations,704,C789,Resource,2/12/2022,9/17/2022
705,10/2/2022,821571.05,Operations,705,A123,Resource,3/17/2022,7/11/2022
706,2/15/2022,477433.68,Sales,706,A123,Resource,10/1/2022,1/3/2022
707,8/11/2022,232417.21,Marketing,707,B456,Resource,1/4/2022,7/28/2022
708,3/29/2022,116123.27,Operations,708,C789,Budget,2/14/2022,1/10/2022
709,1/4/2022,586581.73,Operations,709,C789,Resource,1/26/2022,3/2/2022
710,8/17/2022,114005.62,Marketing,710,C789,Budget,1/13/2022,8/2/2022
711,11/7/2022,614199.27,Operations,711,C789,Time,8/1/2022,7/12/2022
712,4/18/2022,749682.06,Operations,712,A123,Budget,1/28/2022,8/30/2022
713,7/22/2022,758697.93,Operations,713,B456,Time,12/2/2022,8/23/2022
714,1/1/2022,496672.18,Sales,714,A123,Time,7/27/2022,7/1/2022
715,7/10/2022,732133.89,Operations,715,A123,Budget,12/4/2022,4/24/2022
716,3/8/2022,686532.94,Finance,716,B456,Budget,6/20/2022,7/18/2022
717,8/27/2022,992564.33,Operations,717,B456,Time,2/23/2022,1/14/2022
718,4/5/2022,915694.52,Finance,718,C789,Resource,2/8/2022,12/2/2022
719,7/17/2022,510105.43,Marketing,719,B456,Time,1/20/2022,8/30/2022
720,11/19/2022,962366.34,Finance,720,C789,Budget,8/2/2022,3/2/2022
721,4/16/2022,670428.28,Marketing,721,B456,Budget,7/11/2022,11/7/2022
722,8/9/2022,784357.7,Sales,722,C789,Budget,1/29/2022,10/31/2022
723,8/24/2022,757357.48,Finance,723,C789,Time,12/5/2022,8/30/2022
724,9/26/2022,883906.29,Operations,724,C789,Budget,11/12/2022,7/7/2022
725,4/3/2022,936059.13,Finance,725,B456,Budget,6/7/2022,5/10/2022
726,2/5/2022,363223.57,Operations,726,B456,Budget,4/18/2022,12/24/2022
727,9/8/2022,114578.49,Marketing,727,C789,Resource,7/23/2022,9/9/2022
728,1/30/2022,61790.94,Operations,728,A123,Resource,11/10/2022,6/10/2022
729,2/2/2022,157210.62,Finance,729,B456,Budget,7/15/2022,2/9/2022
730,2/11/2022,781005.51,Finance,730,C789,Time,2/2/2022,10/12/2022
731,5/19/2022,264563.05,Marketing,731,C789,Resource,5/10/2022,2/9/2022
732,3/28/2022,606434.1,Marketing,732,A123,Budget,5/25/2022,3/9/2022
733,2/20/2022,250977.17,Operations,733,B456,Resource,6/7/2022,9/6/2022
734,11/6/2022,218139.07,Marketing,734,C789,Time,6/20/2022,4/6/2022
735,7/1/2022,406837.54,Sales,735,C789,Resource,5/3/2022,9/13/2022
736,3/22/2022,186686.88,Marketing,736,B456,Time,12/1/2022,12/10/2022
737,4/16/2022,748988.61,Marketing,737,C789,Resource,5/27/2022,4/19/2022
738,8/6/2022,901583.85,Sales,738,C789,Time,10/22/2022,8/18/2022
739,11/24/2022,153783.45,Operations,739,A123,Time,3/13/2022,2/13/2022
740,5/31/2022,581929.64,Finance,740,B456,Resource,5/17/2022,3/5/2022
741,6/23/2022,650017.9,Operations,741,B456,Budget,1/21/2022,7/31/2022
742,5/23/2022,145975.81,Sales,742,C789,Budget,8/11/2022,5/7/2022
743,8/29/2022,184693.66,Operations,743,A123,Time,12/9/2022,9/23/2022
744,6/3/2022,147277.82,Operations,744,B456,Budget,12/27/2022,5/29/2022
745,1/2/2022,46625.17,Sales,745,A123,Resource,10/18/2022,9/30/2022
746,2/1/2022,395932.27,Sales,746,A123,Budget,7/18/2022,5/19/2022
747,7/26/2022,440886.29,Sales,747,C789,Time,8/1/2022,6/5/2022
748,5/5/2022,60497.35,Finance,748,C789,Time,3/12/2022,8/26/2022
749,10/19/2022,730961.81,Operations,749,A123,Time,1/3/2022,4/11/2022
750,3/18/2022,534353.71,Marketing,750,A123,Resource,6/30/2022,4/18/2022
751,10/1/2022,132835.11,Operations,751,C789,Time,8/3/2022,6/6/2022
752,11/3/2022,975492.4,Finance,752,B456,Budget,10/7/2022,2/17/2022
753,12/20/2022,186249.1,Operations,753,B456,Time,9/25/2022,11/29/2022
754,6/20/2022,700459.84,Marketing,754,B456,Resource,7/22/2022,8/15/2022
755,8/25/2022,975277.0,Sales,755,C789,Time,9/22/2022,6/3/2022
756,12/8/2022,513334.91,Finance,756,B456,Resource,6/25/2022,11/16/2022
757,5/10/2022,724518.1,Operations,757,B456,Budget,3/10/2022,3/4/2022
758,7/25/2022,599879.43,Sales,758,B456,Resource,1/3/2022,6/30/2022
759,10/2/2022,301145.18,Operations,759,B456,Time,2/5/2022,12/6/2022
760,9/5/2022,694604.26,Sales,760,A123,Time,2/22/2022,6/23/2022
761,11/15/2022,497705.97,Marketing,761,A123,Resource,1/29/2022,6/17/2022
762,4/28/2022,753954.82,Finance,762,A123,Resource,8/8/2022,11/4/2022
763,5/17/2022,560636.08,Sales,763,A123,Resource,3/22/2022,8/10/2022
764,6/26/2022,638878.49,Operations,764,B456,Time,12/14/2022,10/3/2022
765,2/28/2022,573235.04,Operations,765,C789,Resource,2/7/2022,12/26/2022
766,1/28/2022,591817.23,Finance,766,B456,Time,9/20/2022,5/12/2022
767,9/7/2022,123063.13,Operations,767,A123,Resource,6/24/2022,11/28/2022
768,4/1/2022,175756.65,Marketing,768,A123,Budget,2/11/2022,1/12/2022
769,11/26/2022,772277.07,Operations,769,A123,Budget,7/23/2022,12/17/2022
770,6/3/2022,772313.08,Sales,770,B456,Time,9/26/2022,5/15/2022
771,5/3/2022,439882.1,Operations,771,A123,Budget,5/21/2022,12/6/2022
772,7/8/2022,163139.18,Operations,772,C789,Resource,12/26/2022,6/6/2022
773,6/26/2022,163549.67,Finance,773,C789,Budget,5/1/2022,12/17/2022
774,12/4/2022,546533.49,Finance,774,A123,Budget,10/27/2022,10/7/2022
775,11/29/2022,421334.42,Operations,775,C789,Budget,10/8/2022,10/1/2022
776,12/3/2022,948300.86,Marketing,776,B456,Resource,9/14/2022,11/16/2022
777,1/8/2022,694110.36,Operations,777,C789,Time,10/9/2022,12/27/2022
778,7/3/2022,373527.79,Operations,778,A123,Budget,9/6/2022,5/26/2022
779,4/22/2022,469597.96,Finance,779,B456,Resource,1/21/2022,7/16/2022
780,4/12/2022,522072.74,Operations,780,C789,Budget,11/25/2022,9/24/2022
781,6/21/2022,416600.88,Sales,781,B456,Resource,5/12/2022,4/17/2022
782,8/27/2022,603032.16,Finance,782,A123,Budget,7/29/2022,6/2/2022
783,11/19/2022,132785.64,Marketing,783,C789,Time,9/12/2022,10/12/2022
784,2/25/2022,125821.4,Operations,784,C789,Budget,7/27/2022,8/5/2022
785,8/21/2022,749165.32,Marketing,785,A123,Resource,1/24/2022,2/2/2022
786,12/27/2022,946860.8,Sales,786,C789,Budget,5/26/2022,12/25/2022
787,3/28/2022,356645.4,Marketing,787,C789,Time,3/17/2022,1/13/2022
788,2/4/2022,568713.85,Marketing,788,C789,Budget,8/3/2022,9/14/2022
789,11/9/2022,662020.07,Finance,789,B456,Resource,9/9/2022,7/14/2022
790,8/10/2022,841849.09,Sales,790,A123,Time,3/30/2022,6/4/2022
791,6/14/2022,264498.74,Marketing,791,A123,Resource,6/23/2022,5/27/2022
792,3/25/2022,954694.41,Operations,792,C789,Resource,11/7/2022,12/8/2022
793,10/4/2022,36250.25,Operations,793,A123,Time,9/28/2022,1/6/2022
794,4/3/2022,634972.99,Finance,794,B456,Resource,6/9/2022,1/23/2022
795,1/24/2022,348576.69,Finance,795,B456,Time,9/19/2022,10/26/2022
796,12/19/2022,835062.79,Finance,796,C789,Budget,6/1/2022,1/10/2022
797,4/4/2022,11137.36,Sales,797,C789,Budget,11/21/2022,2/18/2022
798,7/24/2022,188643.79,Marketing,798,A123,Resource,6/3/2022,9/1/2022
799,10/1/2022,936956.13,Operations,799,A123,Budget,1/22/2022,3/14/2022
800,6/11/2022,755984.95,Marketing,800,B456,Budget,6/22/2022,8/25/2022
801,4/2/2022,51008.92,Sales,801,A123,Budget,9/9/2022,2/18/2022
802,5/30/2022,491139.24,Marketing,802,B456,Budget,10/3/2022,7/22/2022
803,3/21/2022,744733.78,Finance,803,C789,Time,4/18/2022,12/18/2022
804,6/29/2022,940915.14,Marketing,804,B456,Resource,12/8/2022,5/9/2022
805,4/22/2022,173342.38,Finance,805,B456,Budget,8/21/2022,1/1/2022
806,3/20/2022,455165.47,Finance,806,A123,Time,1/11/2022,3/4/2022
807,9/3/2022,275418.16,Sales,807,B456,Budget,1/18/2022,7/23/2022
808,5/3/2022,315962.79,Sales,808,B456,Resource,6/11/2022,9/28/2022
809,1/9/2022,259782.81,Finance,809,B456,Time,6/20/2022,8/25/2022
810,3/25/2022,860106.68,Operations,810,A123,Resource,1/16/2022,8/24/2022
811,7/31/2022,523764.58,Sales,811,C789,Budget,4/19/2022,8/27/2022
812,6/28/2022,466659.27,Marketing,812,C789,Budget,6/4/2022,3/11/2022
813,10/27/2022,1838.94,Marketing,813,C789,Resource,3/22/2022,7/15/2022
814,9/20/2022,664954.36,Finance,814,B456,Time,10/17/2022,6/19/2022
815,11/21/2022,627726.6,Marketing,815,C789,Resource,8/6/2022,10/12/2022
816,1/2/2022,845534.81,Operations,816,C789,Resource,5/26/2022,12/28/2022
817,1/12/2022,676466.07,Operations,817,C789,Budget,5/2/2022,10/19/2022
818,3/30/2022,558997.73,Marketing,818,C789,Budget,9/22/2022,2/7/2022
819,11/21/2022,351008.19,Marketing,819,C789,Resource,2/13/2022,3/15/2022
820,4/23/2022,151686.92,Marketing,820,C789,Budget,9/11/2022,2/26/2022
821,5/3/2022,482213.94,Finance,821,C789,Resource,3/12/2022,4/22/2022
822,10/17/2022,929666.51,Finance,822,C789,Time,4/17/2022,7/24/2022
823,8/17/2022,296899.12,Sales,823,A123,Time,9/23/2022,5/25/2022
824,7/17/2022,587220.48,Operations,824,C789,Budget,2/5/2022,10/4/2022
825,7/17/2022,903659.64,Sales,825,A123,Budget,8/17/2022,1/10/2022
826,7/24/2022,455295.61,Operations,826,A123,Time,1/25/2022,12/17/2022
827,3/3/2022,704873.6,Finance,827,A123,Resource,8/2/2022,5/15/2022
828,5/10/2022,848961.21,Finance,828,B456,Budget,8/25/2022,4/11/2022
829,11/27/2022,49599.87,Marketing,829,B456,Budget,11/1/2022,5/14/2022
830,9/10/2022,225641.59,Sales,830,C789,Resource,8/23/2022,10/3/2022
831,3/14/2022,885660.58,Sales,831,C789,Time,3/12/2022,11/6/2022
832,12/4/2022,907766.74,Operations,832,A123,Time,1/22/2022,12/22/2022
833,12/30/2022,612881.15,Sales,833,A123,Resource,11/6/2022,2/18/2022
834,6/30/2022,573157.14,Operations,834,C789,Resource,7/29/2022,11/7/2022
835,12/16/2022,899754.44,Finance,835,B456,Resource,1/30/2022,11/11/2022
836,10/16/2022,406648.77,Finance,836,A123,Resource,3/14/2022,10/1/2022
837,8/5/2022,656883.26,Sales,837,A123,Resource,2/5/2022,10/25/2022
838,2/1/2022,42534.12,Finance,838,A123,Time,3/23/2022,7/26/2022
839,7/16/2022,349159.39,Sales,839,C789,Resource,7/4/2022,9/14/2022
840,2/26/2022,384409.97,Operations,840,B456,Time,3/20/2022,10/22/2022
841,3/12/2022,43161.83,Finance,841,C789,Time,12/25/2022,3/10/2022
842,5/23/2022,244120.37,Finance,842,A123,Time,6/30/2022,6/18/2022
843,9/4/2022,480491.0,Finance,843,A123,Budget,9/2/2022,1/8/2022
844,5/1/2022,626243.88,Operations,844,C789,Resource,10/18/2022,9/19/2022
845,3/2/2022,798868.67,Finance,845,B456,Budget,12/4/2022,3/22/2022
846,1/17/2022,398322.1,Marketing,846,A123,Time,3/26/2022,3/17/2022
847,12/10/2022,554207.16,Sales,847,C789,Resource,9/20/2022,7/30/2022
848,10/14/2022,597709.67,Sales,848,A123,Resource,8/17/2022,2/26/2022
849,3/4/2022,358172.92,Operations,849,C789,Resource,2/28/2022,9/16/2022
850,7/7/2022,101666.16,Marketing,850,C789,Budget,2/8/2022,3/21/2022
851,7/1/2022,599901.3,Finance,851,A123,Time,10/14/2022,7/3/2022
852,2/23/2022,530741.17,Operations,852,C789,Time,7/28/2022,10/3/2022
853,8/12/2022,780696.0,Marketing,853,C789,Budget,1/30/2022,4/17/2022
854,1/21/2022,855328.13,Finance,854,B456,Budget,4/20/2022,12/14/2022
855,1/9/2022,912448.52,Operations,855,A123,Resource,7/5/2022,12/24/2022
856,10/21/2022,824937.34,Sales,856,C789,Budget,3/28/2022,7/10/2022
857,5/5/2022,728557.48,Operations,857,C789,Budget,8/6/2022,10/17/2022
858,4/27/2022,4435.9,Marketing,858,B456,Budget,7/23/2022,5/23/2022
859,11/8/2022,437562.82,Sales,859,B456,Budget,6/30/2022,1/29/2022
860,10/25/2022,442159.57,Marketing,860,B456,Time,2/15/2022,12/27/2022
861,2/11/2022,9578.26,Finance,861,C789,Budget,12/19/2022,10/7/2022
862,10/4/2022,579666.69,Marketing,862,C789,Resource,7/30/2022,1/24/2022
863,10/8/2022,835776.25,Marketing,863,C789,Resource,10/28/2022,10/30/2022
864,8/28/2022,383430.21,Operations,864,C789,Budget,11/5/2022,9/2/2022
865,10/3/2022,194649.2,Finance,865,A123,Time,8/6/2022,10/4/2022
866,12/7/2022,30169.49,Marketing,866,A123,Resource,10/12/2022,5/20/2022
867,11/12/2022,532473.94,Sales,867,A123,Resource,11/4/2022,1/20/2022
868,7/16/2022,218770.97,Marketing,868,A123,Time,6/17/2022,1/12/2022
869,7/25/2022,501961.97,Marketing,869,C789,Resource,2/25/2022,5/12/2022
870,1/29/2022,137944.84,Finance,870,A123,Budget,12/25/2022,7/6/2022
871,1/1/2022,114665.82,Finance,871,B456,Time,10/29/2022,12/22/2022
872,8/7/2022,897875.1,Operations,872,C789,Resource,3/20/2022,8/4/2022
873,6/9/2022,166604.54,Operations,873,C789,Resource,12/7/2022,10/7/2022
874,3/29/2022,489810.59,Finance,874,A123,Budget,4/24/2022,6/17/2022
875,8/30/2022,354088.88,Operations,875,C789,Budget,2/28/2022,3/27/2022
876,11/21/2022,629282.75,Sales,876,B456,Time,9/7/2022,7/9/2022
877,7/25/2022,524120.44,Sales,877,A123,Resource,4/24/2022,7/14/2022
878,7/6/2022,834543.86,Sales,878,B456,Resource,5/14/2022,5/2/2022
879,8/17/2022,481423.58,Finance,879,A123,Budget,9/1/2022,7/9/2022
880,7/13/2022,130993.2,Sales,880,A123,Resource,2/4/2022,1/29/2022
881,2/13/2022,264317.32,Finance,881,B456,Resource,10/30/2022,3/2/2022
882,6/4/2022,707113.26,Finance,882,B456,Budget,6/8/2022,8/5/2022
883,8/23/2022,115921.01,Sales,883,B456,Time,7/7/2022,3/8/2022
884,8/13/2022,373516.31,Operations,884,C789,Budget,7/12/2022,12/18/2022
885,1/23/2022,232079.55,Finance,885,B456,Budget,3/12/2022,9/13/2022
886,6/14/2022,81654.47,Finance,886,C789,Time,4/4/2022,7/6/2022
887,6/19/2022,552494.32,Sales,887,A123,Time,2/3/2022,9/2/2022
888,6/22/2022,592001.26,Sales,888,B456,Resource,3/14/2022,3/5/2022
889,10/16/2022,509574.52,Sales,889,C789,Resource,3/21/2022,7/26/2022
890,4/9/2022,801.0,Marketing,890,C789,Budget,5/22/2022,10/3/2022
891,6/5/2022,548263.47,Sales,891,A123,Resource,8/14/2022,6/1/2022
892,1/7/2022,173354.98,Operations,892,A123,Budget,11/13/2022,3/16/2022
893,1/16/2022,331258.42,Marketing,893,A123,Resource,11/1/2022,11/1/2022
894,10/2/2022,309514.61,Sales,894,B456,Budget,7/11/2022,2/20/2022
895,9/10/2022,612723.83,Sales,895,B456,Time,1/11/2022,12/1/2022
896,3/18/2022,475714.18,Finance,896,A123,Resource,8/18/2022,10/18/2022
897,3/2/2022,891047.43,Finance,897,B456,Budget,1/27/2022,4/5/2022
898,1/23/2022,935897.43,Marketing,898,B456,Resource,11/30/2022,3/6/2022
899,12/18/2022,797725.48,Sales,899,C789,Resource,9/22/2022,2/25/2022
900,9/10/2022,60940.53,Operations,900,A123,Budget,7/29/2022,11/25/2022
901,9/5/2022,475627.39,Operations,901,C789,Budget,7/15/2022,1/27/2022
902,4/19/2022,92480.2,Operations,902,C789,Resource,7/2/2022,10/5/2022
903,3/21/2022,452564.51,Finance,903,B456,Resource,8/4/2022,6/14/2022
904,2/17/2022,949357.6,Sales,904,B456,Budget,6/29/2022,3/28/2022
905,6/4/2022,448051.05,Marketing,905,B456,Time,7/24/2022,11/2/2022
906,2/11/2022,82606.84,Operations,906,A123,Budget,9/3/2022,2/13/2022
907,1/15/2022,186965.78,Finance,907,B456,Resource,12/4/2022,8/9/2022
908,7/25/2022,875368.09,Marketing,908,A123,Budget,11/15/2022,3/23/2022
909,8/4/2022,577682.93,Operations,909,B456,Time,2/25/2022,8/15/2022
910,9/10/2022,137976.51,Finance,910,C789,Budget,2/14/2022,10/2/2022
911,7/20/2022,121676.55,Marketing,911,A123,Resource,2/28/2022,3/27/2022
912,1/15/2022,985086.1,Finance,912,B456,Resource,8/2/2022,6/29/2022
913,1/11/2022,215512.17,Operations,913,C789,Time,4/20/2022,9/4/2022
914,12/7/2022,315361.06,Finance,914,B456,Resource,8/4/2022,8/2/2022
915,10/27/2022,847128.71,Operations,915,A123,Resource,5/27/2022,8/4/2022
916,4/13/2022,478900.18,Sales,916,B456,Time,4/20/2022,1/30/2022
917,6/19/2022,586032.59,Sales,917,A123,Resource,1/1/2022,10/11/2022
918,2/16/2022,819016.78,Marketing,918,B456,Time,5/1/2022,3/26/2022
919,5/17/2022,873683.0,Operations,919,A123,Budget,10/1/2022,8/29/2022
920,1/18/2022,742461.53,Sales,920,C789,Budget,3/14/2022,6/21/2022
921,9/26/2022,428542.12,Marketing,921,A123,Budget,4/2/2022,2/22/2022
922,12/2/2022,242759.12,Finance,922,A123,Time,1/28/2022,10/25/2022
923,6/10/2022,843508.97,Operations,923,B456,Budget,4/26/2022,10/10/2022
924,9/11/2022,880281.97,Operations,924,B456,Resource,4/10/2022,6/13/2022
925,4/18/2022,486393.35,Sales,925,B456,Time,8/4/2022,10/28/2022
926,5/31/2022,304965.1,Sales,926,C789,Time,9/23/2022,2/17/2022
927,3/22/2022,117028.4,Finance,927,A123,Resource,2/1/2022,5/12/2022
928,1/21/2022,385745.1,Marketing,928,C789,Budget,12/28/2022,7/17/2022
929,1/25/2022,794448.76,Sales,929,A123,Resource,9/29/2022,1/11/2022
930,12/10/2022,486485.8,Marketing,930,A123,Resource,10/26/2022,4/15/2022
931,2/3/2022,626891.83,Operations,931,A123,Budget,6/1/2022,12/9/2022
932,9/10/2022,111438.74,Sales,932,C789,Budget,5/11/2022,1/7/2022
933,8/22/2022,576167.26,Sales,933,B456,Time,6/25/2022,6/11/2022
934,2/27/2022,971279.38,Operations,934,B456,Resource,9/6/2022,6/2/2022
935,10/6/2022,940706.9,Finance,935,A123,Time,8/11/2022,5/10/2022
936,11/5/2022,988551.06,Operations,936,A123,Budget,12/9/2022,3/25/2022
937,7/3/2022,635645.05,Sales,937,C789,Time,4/11/2022,12/18/2022
938,2/28/2022,534082.37,Finance,938,C789,Resource,8/16/2022,4/5/2022
939,8/24/2022,59827.28,Operations,939,B456,Budget,6/20/2022,9/1/2022
940,9/2/2022,875123.15,Finance,940,C789,Time,2/15/2022,7/3/2022
941,1/24/2022,630978.68,Operations,941,C789,Time,6/9/2022,9/6/2022
942,4/19/2022,777625.65,Sales,942,B456,Resource,1/4/2022,7/29/2022
943,8/11/2022,262567.75,Marketing,943,C789,Time,8/11/2022,12/22/2022
944,5/15/2022,95775.57,Finance,944,C789,Time,12/19/2022,4/1/2022
945,10/24/2022,870249.9,Marketing,945,B456,Time,3/9/2022,4/4/2022
946,10/2/2022,939955.4,Marketing,946,C789,Resource,4/24/2022,11/22/2022
947,9/22/2022,952833.3,Sales,947,A123,Time,6/13/2022,10/24/2022
948,9/2/2022,923842.74,Operations,948,C789,Budget,4/3/2022,12/16/2022
949,6/21/2022,769707.76,Finance,949,C789,Time,4/29/2022,9/5/2022
950,1/30/2022,677482.19,Sales,950,C789,Time,4/22/2022,9/23/2022
951,1/28/2022,439310.5,Marketing,951,A123,Budget,11/22/2022,12/26/2022
952,4/14/2022,146161.65,Sales,952,C789,Resource,5/17/2022,6/14/2022
953,7/21/2022,52749.31,Finance,953,B456,Resource,6/18/2022,12/8/2022
954,4/14/2022,45784.65,Finance,954,C789,Budget,7/31/2022,9/18/2022
955,10/16/2022,376488.77,Sales,955,C789,Resource,4/7/2022,3/1/2022
956,1/16/2022,872912.64,Operations,956,A123,Time,3/15/2022,10/26/2022
957,1/28/2022,638814.56,Sales,957,C789,Time,6/24/2022,7/22/2022
958,7/12/2022,999464.82,Sales,958,C789,Time,3/24/2022,3/5/2022
959,12/1/2022,246157.29,Operations,959,A123,Resource,8/2/2022,1/9/2022
960,12/25/2022,428868.02,Operations,960,C789,Budget,8/1/2022,9/13/2022
961,8/2/2022,572079.27,Operations,961,C789,Budget,2/6/2022,2/9/2022
962,10/11/2022,137432.83,Operations,962,C789,Resource,8/1/2022,2/12/2022
963,5/21/2022,937450.01,Operations,963,C789,Budget,6/15/2022,11/7/2022
964,9/26/2022,722757.75,Finance,964,C789,Resource,11/16/2022,12/29/2022
965,4/20/2022,322251.94,Finance,965,A123,Resource,10/6/2022,2/26/2022
966,10/20/2022,61513.96,Operations,966,B456,Budget,2/19/2022,8/20/2022
967,8/21/2022,655156.61,Finance,967,B456,Time,1/7/2022,11/29/2022
968,12/12/2022,721139.68,Operations,968,A123,Resource,1/1/2022,11/5/2022
969,11/29/2022,813746.01,Sales,969,A123,Resource,5/22/2022,10/18/2022
970,3/1/2022,867299.62,Operations,970,C789,Time,10/12/2022,2/27/2022
971,8/7/2022,809087.33,Operations,971,A123,Resource,7/1/2022,3/7/2022
972,1/7/2022,839305.46,Marketing,972,C789,Resource,6/8/2022,8/14/2022
973,7/19/2022,815256.1,Operations,973,B456,Resource,5/25/2022,3/10/2022
974,1/3/2022,777470.86,Sales,974,A123,Resource,5/24/2022,11/12/2022
975,7/25/2022,117519.6,Operations,975,B456,Budget,6/1/2022,9/17/2022
976,4/17/2022,50843.98,Finance,976,B456,Resource,2/28/2022,11/19/2022
977,10/18/2022,965237.16,Marketing,977,A123,Time,1/18/2022,7/7/2022
978,6/4/2022,442601.28,Marketing,978,C789,Time,1/7/2022,9/26/2022
979,10/24/2022,950520.98,Sales,979,C789,Resource,10/25/2022,2/7/2022
980,5/8/2022,568092.56,Marketing,980,C789,Budget,10/26/2022,11/21/2022
981,9/22/2022,164137.39,Sales,981,A123,Time,1/24/2022,11/14/2022
982,4/20/2022,245129.89,Finance,982,B456,Time,11/19/2022,1/22/2022
983,5/24/2022,114983.12,Marketing,983,A123,Resource,8/4/2022,8/8/2022
984,2/6/2022,999452.16,Sales,984,A123,Budget,6/24/2022,7/27/2022
985,9/30/2022,364774.37,Marketing,985,A123,Budget,6/21/2022,10/12/2022
986,10/7/2022,706453.92,Operations,986,B456,Time,2/28/2022,5/16/2022
987,11/21/2022,994744.86,Sales,987,B456,Budget,8/19/2022,9/5/2022
988,1/22/2022,776661.22,Finance,988,C789,Time,7/12/2022,7/25/2022
989,2/15/2022,827354.66,Marketing,989,B456,Time,1/25/2022,9/9/2022
990,1/14/2022,49017.62,Sales,990,C789,Resource,10/14/2022,6/29/2022
991,6/4/2022,560735.31,Marketing,991,A123,Resource,7/26/2022,3/3/2022
992,11/14/2022,857632.46,Finance,992,A123,Budget,8/14/2022,1/13/2022
993,3/1/2022,565778.72,Operations,993,A123,Resource,10/7/2022,8/22/2022
994,6/13/2022,280988.09,Operations,994,B456,Budget,4/9/2022,9/25/2022
995,7/13/2022,274766.04,Operations,995,B456,Resource,10/14/2022,2/27/2022
996,6/7/2022,662247.87,Sales,996,B456,Resource,1/4/2022,12/28/2022
997,11/18/2022,865259.5,Sales,997,B456,Time,9/6/2022,11/5/2022
998,1/21/2022,136387.86,Finance,998,C789,Time,12/21/2022,9/26/2022
999,1/18/2022,593146.12,Operations,999,A123,Budget,5/28/2022,3/17/2022
1000,2/18/2022,667999.0,Marketing,1000,B456,Resource,6/14/2022,2/16/2022
