purchase_id,customer_id,purchase_date,product_name,quantity,unit_price,total_price
1,432,4/18/2022,Electronics,39,299.77,2528.34
2,232,4/28/2022,Beauty Products,52,870.28,7273.08
3,359,1/16/2022,Electronics,96,243.86,7328.97
4,302,10/3/2022,Beauty Products,3,684.37,8132.67
5,458,12/19/2022,Shoes,28,406.08,9686.91
6,210,2/20/2022,Clothing,53,567.05,2001.22
7,365,12/10/2022,Shoes,49,503.35,3620.36
8,469,1/21/2022,Shoes,63,856.32,2121.97
9,787,11/5/2022,Shoes,83,230.65,6528.13
10,629,5/26/2022,Home Decor,22,60.67,2669.33
11,223,1/4/2022,Shoes,16,413.49,5657.69
12,140,2/12/2022,Electronics,88,468.93,985.66
13,759,12/29/2022,Beauty Products,81,81.3,9214.28
14,261,7/11/2022,Home Decor,52,431.36,443.52
15,982,12/2/2022,Clothing,69,969.6,7575.69
16,490,9/6/2022,Clothing,52,574.88,6347.4
17,103,11/20/2022,Shoes,4,857.03,3138.62
18,824,6/22/2022,Home Decor,65,901.35,7981.5
19,236,6/10/2022,Electronics,40,830.02,262.97
20,508,9/14/2022,Beauty Products,18,685.23,5607.1
21,427,10/28/2022,Shoes,17,523.05,5302.71
22,290,3/9/2022,Home Decor,20,555.6,4051.58
23,814,12/20/2022,Beauty Products,45,939.11,8180.72
24,681,3/9/2022,Shoes,69,705.72,3195.4
25,619,9/16/2022,Electronics,56,934.27,5077.87
26,47,6/23/2022,Shoes,13,508.27,6766.25
27,418,11/5/2022,Home Decor,2,990.31,3590.99
28,117,9/11/2022,Clothing,86,631.01,2906.25
29,368,3/17/2022,Shoes,7,51.98,9767.91
30,795,9/4/2022,Electronics,31,610.76,348.12
31,309,1/16/2022,Clothing,16,762.08,2946.95
32,791,4/6/2022,Home Decor,18,198.62,1119.98
33,789,8/18/2022,Beauty Products,94,312.84,1114.11
34,974,5/20/2022,Clothing,86,625.7,2577.19
35,341,2/20/2022,Electronics,56,504.38,9073.78
36,751,10/21/2022,Shoes,69,311.48,4008.58
37,334,12/7/2022,Electronics,30,14.25,3543.11
38,667,7/28/2022,Home Decor,82,356.7,7307.73
39,807,12/6/2022,Beauty Products,2,571.78,9891.23
40,372,2/4/2022,Shoes,7,542.87,7177.17
41,237,12/5/2022,Beauty Products,23,375.86,7225.33
42,912,12/26/2022,Clothing,51,594.75,7691.22
43,299,9/21/2022,Home Decor,85,316.61,7533.55
44,840,2/15/2022,Clothing,68,292.34,3258.54
45,339,10/31/2022,Home Decor,99,267.1,7598.14
46,49,1/15/2022,Home Decor,90,364.04,2379.54
47,639,7/8/2022,Electronics,86,926.57,5319.09
48,761,9/8/2022,Electronics,45,877.96,4120.4
49,62,2/22/2022,Home Decor,72,379.21,2203.18
50,928,10/2/2022,Beauty Products,37,415.03,4358.68
51,11,7/12/2022,Electronics,18,188.58,4611.1
52,900,8/9/2022,Shoes,67,203.97,5713.05
53,568,2/19/2022,Shoes,23,57.69,2070.57
54,599,10/8/2022,Electronics,79,871.73,538.82
55,868,2/6/2022,Shoes,6,694.16,7115.24
56,562,8/6/2022,Shoes,95,961.91,8251.5
57,529,6/27/2022,Shoes,26,910.66,5928.44
58,310,4/5/2022,Beauty Products,81,677.42,9118.23
59,201,8/21/2022,Electronics,84,934.75,5065.82
60,824,2/21/2022,Clothing,45,123.21,515.38
61,383,11/19/2022,Shoes,64,705.37,6546.21
62,693,11/5/2022,Clothing,79,657.89,3106.32
63,53,5/5/2022,Clothing,87,363.55,8150.74
64,475,10/26/2022,Beauty Products,18,13.4,5201.32
65,293,11/30/2022,Home Decor,47,564.05,1164.12
66,280,12/18/2022,Beauty Products,45,453.51,7949.75
67,100,11/9/2022,Electronics,61,391.67,9740.88
68,587,1/5/2022,Electronics,86,222.74,1742.52
69,412,7/29/2022,Home Decor,79,249.71,5535.44
70,113,5/2/2022,Clothing,14,445.75,8209.37
71,608,8/16/2022,Home Decor,7,706.79,3414.78
72,921,6/14/2022,Beauty Products,22,196.73,4041.88
73,460,6/1/2022,Beauty Products,39,416.9,7697.42
74,358,11/2/2022,Shoes,36,818.93,6244.23
75,928,9/9/2022,Clothing,66,379.93,6181.75
76,308,5/28/2022,Shoes,15,636.63,7582.38
77,646,7/13/2022,Electronics,60,795.91,1619.48
78,116,8/5/2022,Shoes,28,831.38,3292.04
79,570,3/26/2022,Shoes,32,649.05,6603.76
80,221,12/26/2022,Shoes,87,53.53,4902.26
81,320,8/20/2022,Beauty Products,93,157.91,7684.76
82,341,10/30/2022,Home Decor,40,246.82,1748.06
83,731,6/19/2022,Electronics,12,358.58,6405.81
84,743,9/15/2022,Electronics,84,619.41,805.71
85,957,5/9/2022,Home Decor,48,96.32,197.57
86,553,6/5/2022,Home Decor,45,635.12,3485.51
87,103,8/6/2022,Home Decor,64,333.15,4439.16
88,147,6/14/2022,Shoes,81,852.22,6524.61
89,200,9/21/2022,Clothing,4,80.95,2851.22
90,574,12/9/2022,Shoes,96,965.6,8501.65
91,113,4/4/2022,Shoes,80,631.71,2041.32
92,599,3/20/2022,Beauty Products,31,501.49,1124.93
93,917,5/14/2022,Clothing,80,898.06,3326.75
94,178,5/7/2022,Clothing,31,777.94,8491.78
95,401,7/23/2022,Clothing,75,117.04,3751.23
96,809,12/12/2022,Beauty Products,30,812.09,4550.43
97,149,11/24/2022,Clothing,13,930.74,2400.77
98,286,11/30/2022,Clothing,9,401.02,6092.97
99,373,4/18/2022,Clothing,8,864.04,2802.27
100,922,9/7/2022,Electronics,31,131.57,8162.04
101,812,12/28/2022,Electronics,69,786.25,5410.35
102,705,7/11/2022,Electronics,81,299.6,999.23
103,283,7/10/2022,Clothing,94,681.8,5582.21
104,87,10/1/2022,Shoes,79,293.67,5343.06
105,234,9/10/2022,Electronics,66,465.35,717.93
106,53,12/20/2022,Clothing,42,140.94,7621.78
107,241,5/6/2022,Electronics,79,401.3,216.83
108,417,10/7/2022,Electronics,24,91.09,8270.98
109,573,7/30/2022,Home Decor,14,181.05,871.98
110,548,9/30/2022,Beauty Products,79,320.35,8545.28
111,187,2/24/2022,Shoes,80,844.52,9560.77
112,290,6/8/2022,Clothing,11,165.58,820.24
113,209,6/22/2022,Home Decor,6,206.21,7754.63
114,550,5/24/2022,Shoes,17,269.35,5671.47
115,240,8/11/2022,Beauty Products,83,256.28,2410.2
116,417,12/8/2022,Clothing,99,556.99,9010.32
117,838,7/19/2022,Shoes,76,245.86,5993.49
118,517,3/24/2022,Shoes,72,834.39,6642.6
119,804,5/30/2022,Home Decor,21,722.64,9789.04
120,946,6/23/2022,Clothing,95,797.92,4572.46
121,822,11/11/2022,Shoes,5,546.81,6226.36
122,762,7/31/2022,Shoes,97,529.01,2185.21
123,920,6/2/2022,Electronics,36,845.65,3134.5
124,560,4/19/2022,Electronics,68,577.46,9475.57
125,520,9/3/2022,Shoes,46,999.03,9524.76
126,277,5/21/2022,Beauty Products,80,879.58,6074.1
127,882,7/19/2022,Beauty Products,94,988.97,6261.98
128,89,5/6/2022,Home Decor,16,671.41,8823.82
129,364,9/25/2022,Beauty Products,90,182.43,969.28
130,344,9/26/2022,Electronics,68,923.11,4573.33
131,719,8/10/2022,Home Decor,25,985.2,9894.24
132,96,3/15/2022,Beauty Products,34,235.59,9355.06
133,385,4/16/2022,Beauty Products,4,369.66,6822.66
134,178,9/7/2022,Clothing,82,76.32,9585.62
135,310,6/2/2022,Clothing,10,685.7,6904.44
136,576,2/13/2022,Home Decor,74,337.17,4081.4
137,291,12/22/2022,Electronics,73,284.24,310.19
138,660,12/27/2022,Electronics,40,886.86,1653.99
139,818,2/19/2022,Home Decor,45,603.12,3188.95
140,973,4/12/2022,Electronics,59,650.21,6281.29
141,36,9/13/2022,Shoes,45,805.2,4751.21
142,351,6/22/2022,Home Decor,44,558.66,1786.18
143,812,8/2/2022,Beauty Products,89,92.56,1614.56
144,926,12/27/2022,Home Decor,56,93.67,7446.52
145,75,9/28/2022,Clothing,86,532.54,5082.99
146,645,3/18/2022,Home Decor,37,429.09,5726.26
147,505,8/13/2022,Home Decor,97,711.65,2821.68
148,173,2/9/2022,Clothing,38,972.2,4363.31
149,21,6/10/2022,Home Decor,33,35.23,9061.2
150,715,12/8/2022,Clothing,26,116.35,9890.23
151,69,9/9/2022,Electronics,61,23.8,213.12
152,568,1/16/2022,Beauty Products,14,61.3,9046.56
153,244,7/3/2022,Shoes,33,297.22,4572.95
154,949,12/24/2022,Electronics,58,195.24,4091.53
155,884,2/19/2022,Clothing,23,614.05,6629.84
156,166,7/5/2022,Electronics,9,933.98,9634.78
157,732,3/20/2022,Electronics,65,703.19,9811.8
158,400,6/23/2022,Shoes,1,864.09,7550.64
159,39,5/14/2022,Beauty Products,2,705.72,1763.26
160,867,9/3/2022,Clothing,28,55.07,3675.3
161,918,9/29/2022,Home Decor,27,739.3,7120.36
162,983,10/2/2022,Home Decor,84,509.89,4206.68
163,264,1/29/2022,Electronics,71,25.72,2021.02
164,178,2/12/2022,Beauty Products,19,502.9,5304.72
165,581,5/26/2022,Shoes,89,773.22,1128.59
166,763,1/6/2022,Home Decor,71,531.06,2902.0
167,248,5/4/2022,Shoes,19,924.73,4693.32
168,31,4/19/2022,Home Decor,62,645.64,6114.28
169,69,10/11/2022,Electronics,45,270.51,2611.5
170,340,1/19/2022,Electronics,4,546.27,1019.48
171,365,1/11/2022,Beauty Products,99,123.41,1039.52
172,478,2/15/2022,Clothing,16,724.61,9391.33
173,545,11/24/2022,Home Decor,26,443.96,6574.44
174,956,6/4/2022,Shoes,48,232.61,7547.72
175,215,12/26/2022,Clothing,15,556.33,1562.56
176,825,10/20/2022,Home Decor,28,166.14,4370.4
177,805,10/13/2022,Beauty Products,89,205.14,1976.11
178,558,8/27/2022,Beauty Products,61,414.65,2299.14
179,818,11/17/2022,Clothing,21,738.94,4945.94
180,524,3/20/2022,Clothing,90,881.24,7238.44
181,753,5/12/2022,Electronics,37,45.11,47.96
182,156,6/24/2022,Beauty Products,33,192.77,2071.48
183,118,5/3/2022,Shoes,61,39.38,5602.48
184,758,7/12/2022,Electronics,53,231.57,8675.39
185,99,11/14/2022,Electronics,94,277.66,6701.84
186,163,1/23/2022,Beauty Products,17,159.47,7060.44
187,113,8/14/2022,Shoes,25,77.29,6130.39
188,581,11/3/2022,Electronics,32,874.62,6421.66
189,447,6/14/2022,Clothing,53,522.42,2087.11
190,712,1/18/2022,Clothing,42,293.25,5967.19
191,28,12/9/2022,Shoes,66,225.85,7233.26
192,368,5/7/2022,Beauty Products,34,641.52,3090.42
193,293,6/6/2022,Shoes,10,438.12,3208.95
194,504,3/20/2022,Beauty Products,61,959.29,7751.62
195,735,10/20/2022,Beauty Products,88,92.99,863.42
196,215,5/10/2022,Electronics,86,414.56,1797.82
197,306,4/20/2022,Clothing,51,520.73,2278.12
198,728,3/21/2022,Shoes,37,723.18,5728.6
199,58,6/29/2022,Beauty Products,28,416.42,6672.01
200,370,1/3/2022,Electronics,76,144.96,4095.01
201,157,3/25/2022,Clothing,87,928.45,5090.37
202,827,12/16/2022,Clothing,19,126.5,9500.07
203,312,1/6/2022,Beauty Products,23,858.57,7009.24
204,68,11/30/2022,Shoes,53,776.35,5821.52
205,299,1/25/2022,Electronics,61,229.95,2417.62
206,371,9/20/2022,Home Decor,17,312.3,5910.52
207,126,6/10/2022,Clothing,8,963.26,8813.11
208,345,7/24/2022,Clothing,15,603.19,358.3
209,413,2/8/2022,Clothing,37,39.6,3654.6
210,198,7/16/2022,Home Decor,52,950.2,7275.38
211,259,10/11/2022,Beauty Products,84,214.34,6303.99
212,482,4/1/2022,Clothing,68,559.64,6692.24
213,354,4/12/2022,Shoes,79,30.65,977.76
214,693,6/26/2022,Electronics,43,867.15,3280.7
215,423,5/23/2022,Clothing,80,308.7,9611.21
216,793,10/14/2022,Beauty Products,21,918.25,8711.74
217,296,9/19/2022,Electronics,49,968.22,5274.29
218,765,11/5/2022,Beauty Products,17,730.22,7711.69
219,933,1/26/2022,Beauty Products,82,758.59,7374.2
220,808,6/18/2022,Electronics,64,716.02,3161.19
221,125,1/26/2022,Home Decor,68,961.57,1420.22
222,585,12/26/2022,Home Decor,52,450.06,6239.56
223,613,6/15/2022,Home Decor,85,310.39,5421.41
224,40,4/4/2022,Beauty Products,54,338.18,9818.61
225,403,2/10/2022,Shoes,71,617.42,8398.2
226,435,6/16/2022,Home Decor,4,854.61,5895.87
227,399,2/12/2022,Shoes,95,648.11,8225.38
228,933,10/7/2022,Clothing,36,946.11,3909.99
229,75,7/2/2022,Electronics,50,419.97,6870.91
230,938,7/6/2022,Clothing,2,701.82,3844.45
231,537,9/5/2022,Electronics,95,566.06,1158.25
232,474,11/26/2022,Electronics,39,555.33,854.07
233,184,6/2/2022,Electronics,33,721.59,809.27
234,960,5/24/2022,Clothing,56,16.42,7689.34
235,278,5/30/2022,Beauty Products,81,365.54,9157.43
236,759,7/16/2022,Electronics,94,578.12,5904.01
237,758,9/26/2022,Home Decor,33,796.14,1140.14
238,651,1/24/2022,Home Decor,70,588.72,9630.45
239,240,8/21/2022,Shoes,22,688.5,5180.29
240,633,12/2/2022,Home Decor,15,924.12,8893.07
241,908,10/23/2022,Electronics,25,553.28,906.03
242,632,10/23/2022,Shoes,8,248.3,4354.01
243,673,7/18/2022,Home Decor,61,171.32,1744.93
244,610,8/14/2022,Shoes,76,810.65,5580.87
245,293,12/18/2022,Electronics,53,665.76,784.29
246,619,12/5/2022,Electronics,47,116.55,2118.81
247,266,10/22/2022,Clothing,49,699.55,8876.3
248,179,10/13/2022,Clothing,66,654.71,2077.61
249,837,3/23/2022,Home Decor,80,995.76,8485.58
250,719,3/2/2022,Home Decor,7,431.57,681.88
251,440,8/7/2022,Home Decor,49,429.72,3954.67
252,213,12/27/2022,Electronics,30,174.61,2736.61
253,209,11/18/2022,Clothing,22,492.48,4117.4
254,154,5/23/2022,Clothing,90,53.79,6536.83
255,727,4/10/2022,Clothing,67,256.24,2716.51
256,771,2/7/2022,Shoes,76,858.07,2600.09
257,278,6/13/2022,Shoes,74,222.75,8402.43
258,469,9/25/2022,Home Decor,32,44.78,1142.39
259,618,8/28/2022,Clothing,12,680.26,2813.5
260,274,1/26/2022,Electronics,58,639.36,4905.19
261,946,1/26/2022,Home Decor,9,46.94,2731.58
262,243,4/9/2022,Electronics,16,672.8,5023.24
263,580,11/5/2022,Home Decor,47,487.99,4748.96
264,160,5/10/2022,Electronics,54,215.39,8978.26
265,308,4/15/2022,Clothing,27,448.67,910.74
266,156,7/11/2022,Beauty Products,67,453.82,2121.04
267,18,2/21/2022,Home Decor,10,207.02,4888.7
268,575,2/3/2022,Home Decor,14,301.52,9044.93
269,358,9/5/2022,Beauty Products,24,895.22,5196.29
270,13,4/27/2022,Home Decor,72,589.33,1073.15
271,86,1/9/2022,Home Decor,83,406.35,5380.57
272,418,12/26/2022,Home Decor,59,180.55,5168.68
273,253,8/16/2022,Shoes,39,559.41,3376.28
274,279,6/12/2022,Shoes,8,273.51,1345.44
275,601,4/15/2022,Clothing,8,720.14,3842.65
276,759,7/25/2022,Home Decor,15,406.27,7348.04
277,266,3/4/2022,Clothing,78,433.6,4877.15
278,334,1/8/2022,Shoes,28,838.28,1370.75
279,40,1/2/2022,Shoes,58,350.37,8153.92
280,508,12/9/2022,Home Decor,87,438.82,7321.04
281,117,10/31/2022,Shoes,10,519.33,2771.37
282,567,5/13/2022,Shoes,39,931.9,8932.92
283,808,7/4/2022,Home Decor,71,131.5,963.12
284,434,2/13/2022,Shoes,13,998.23,5903.12
285,197,10/5/2022,Electronics,81,370.0,9982.08
286,109,8/5/2022,Home Decor,39,292.31,4250.4
287,862,1/9/2022,Shoes,96,282.2,5727.25
288,122,2/8/2022,Home Decor,27,79.48,6742.32
289,94,7/15/2022,Electronics,93,673.85,8236.65
290,357,8/11/2022,Electronics,19,628.19,7836.83
291,320,7/20/2022,Clothing,83,890.73,6330.65
292,212,2/14/2022,Shoes,66,451.54,3738.6
293,473,7/31/2022,Beauty Products,52,519.26,967.4
294,642,8/10/2022,Clothing,27,773.95,3876.23
295,781,12/12/2022,Home Decor,86,409.26,3615.57
296,316,10/12/2022,Shoes,87,345.57,8180.83
297,213,2/5/2022,Clothing,99,202.75,9697.79
298,494,2/28/2022,Electronics,92,232.96,340.79
299,615,1/1/2022,Beauty Products,55,403.72,9462.33
300,794,8/6/2022,Home Decor,52,107.49,5833.98
301,843,11/10/2022,Clothing,56,480.51,6707.22
302,379,1/27/2022,Home Decor,88,969.25,8417.83
303,294,4/6/2022,Shoes,70,75.25,1402.58
304,771,7/28/2022,Electronics,71,173.83,6186.36
305,657,4/7/2022,Home Decor,58,935.78,7575.44
306,739,1/21/2022,Shoes,35,566.85,5614.18
307,216,6/10/2022,Home Decor,90,761.26,3646.49
308,883,7/22/2022,Home Decor,76,726.26,4228.28
309,303,1/11/2022,Beauty Products,62,806.11,926.43
310,992,2/25/2022,Beauty Products,4,864.49,4927.7
311,33,10/17/2022,Home Decor,94,150.44,9228.88
312,172,6/25/2022,Clothing,46,36.8,108.85
313,897,5/18/2022,Electronics,56,405.59,60.93
314,748,7/29/2022,Electronics,14,588.64,1513.75
315,59,2/26/2022,Electronics,49,728.21,295.63
316,402,1/5/2022,Beauty Products,20,930.66,5419.16
317,528,10/7/2022,Home Decor,81,514.61,259.51
318,251,4/9/2022,Clothing,62,308.67,9398.27
319,859,3/10/2022,Clothing,59,566.26,9175.4
320,740,1/11/2022,Home Decor,50,653.47,1596.37
321,366,3/1/2022,Electronics,56,678.97,4074.11
322,182,8/24/2022,Beauty Products,8,228.89,2975.56
323,891,4/10/2022,Home Decor,57,344.28,3720.52
324,689,2/4/2022,Beauty Products,43,867.45,1281.45
325,348,2/1/2022,Clothing,98,954.56,5752.02
326,641,10/11/2022,Clothing,53,306.46,7466.43
327,172,3/5/2022,Electronics,88,596.06,4549.52
328,418,3/15/2022,Clothing,60,997.31,8153.39
329,693,11/4/2022,Home Decor,7,527.05,9966.51
330,485,3/5/2022,Beauty Products,45,347.73,6795.86
331,935,11/22/2022,Electronics,9,225.09,3570.86
332,321,5/11/2022,Electronics,98,899.3,6683.38
333,900,5/5/2022,Electronics,54,884.96,8849.29
334,692,11/20/2022,Beauty Products,32,943.99,5425.57
335,165,7/26/2022,Electronics,100,889.27,8559.03
336,103,1/15/2022,Beauty Products,78,455.82,6544.65
337,421,9/9/2022,Clothing,36,721.35,1147.22
338,638,12/6/2022,Home Decor,80,897.98,422.02
339,779,8/24/2022,Shoes,23,163.61,5567.72
340,140,1/6/2022,Shoes,52,979.16,1341.45
341,490,7/21/2022,Beauty Products,50,546.82,8674.84
342,566,1/12/2022,Shoes,19,330.87,944.12
343,512,11/10/2022,Home Decor,44,632.83,8139.87
344,357,4/28/2022,Shoes,57,188.78,6718.77
345,755,7/18/2022,Shoes,73,977.44,8279.96
346,183,10/7/2022,Shoes,22,924.84,2516.38
347,605,7/11/2022,Beauty Products,96,811.98,9590.57
348,300,5/12/2022,Electronics,5,608.79,7887.98
349,765,12/21/2022,Home Decor,35,921.67,5625.01
350,920,4/16/2022,Clothing,30,384.98,5893.09
351,590,4/1/2022,Electronics,16,41.62,2265.43
352,823,6/7/2022,Home Decor,66,695.82,9139.69
353,727,1/26/2022,Beauty Products,37,550.2,9649.29
354,247,12/26/2022,Home Decor,47,115.63,6428.84
355,454,5/7/2022,Shoes,29,391.46,8492.64
356,540,1/29/2022,Shoes,96,573.86,6283.79
357,811,12/28/2022,Clothing,9,359.04,4382.19
358,218,11/18/2022,Clothing,1,710.81,4988.65
359,849,2/20/2022,Clothing,61,820.44,6660.44
360,211,7/6/2022,Clothing,94,233.53,7922.26
361,624,6/4/2022,Electronics,99,680.35,3385.41
362,481,6/16/2022,Clothing,40,284.61,8639.47
363,322,4/21/2022,Electronics,49,153.18,6440.8
364,572,8/2/2022,Clothing,32,866.54,5357.49
365,232,7/8/2022,Home Decor,39,929.45,317.38
366,719,7/27/2022,Home Decor,97,912.06,686.9
367,810,12/8/2022,Home Decor,42,732.94,2385.61
368,899,3/17/2022,Home Decor,41,773.41,2323.7
369,587,9/13/2022,Clothing,9,29.88,6054.17
370,502,2/20/2022,Shoes,42,931.12,852.77
371,65,4/13/2022,Electronics,96,497.84,5666.3
372,265,12/14/2022,Beauty Products,35,180.69,3946.22
373,406,1/26/2022,Home Decor,5,622.54,1283.21
374,316,1/28/2022,Shoes,11,721.45,5493.62
375,821,6/24/2022,Shoes,25,942.75,2885.64
376,517,10/26/2022,Home Decor,35,882.2,6133.73
377,848,5/22/2022,Beauty Products,84,336.5,2682.86
378,351,8/30/2022,Clothing,58,234.95,3683.78
379,533,11/1/2022,Electronics,11,811.82,1328.94
380,18,8/21/2022,Shoes,100,837.79,5403.51
381,416,12/15/2022,Home Decor,2,538.2,1355.87
382,847,3/2/2022,Electronics,14,167.01,6438.08
383,487,7/10/2022,Electronics,5,765.9,9627.43
384,302,7/12/2022,Clothing,2,360.66,6280.25
385,298,12/8/2022,Clothing,37,259.84,2420.02
386,107,2/28/2022,Clothing,20,283.45,1302.46
387,172,12/22/2022,Home Decor,89,49.77,1226.12
388,997,4/21/2022,Beauty Products,58,259.41,2067.63
389,529,11/25/2022,Electronics,75,823.07,3797.56
390,823,10/18/2022,Home Decor,31,60.96,2821.42
391,449,7/19/2022,Clothing,70,489.33,4755.87
392,898,3/14/2022,Home Decor,96,628.12,8881.15
393,848,2/9/2022,Shoes,4,506.3,1266.91
394,447,11/8/2022,Clothing,6,250.89,2661.91
395,330,5/12/2022,Beauty Products,84,159.3,6062.54
396,346,6/20/2022,Shoes,67,683.63,1935.63
397,74,10/25/2022,Home Decor,51,610.03,139.45
398,961,8/5/2022,Electronics,8,541.96,1904.86
399,943,6/3/2022,Shoes,3,428.38,8533.48
400,26,2/3/2022,Electronics,73,50.01,4099.55
401,877,5/12/2022,Clothing,26,949.09,6444.47
402,300,3/17/2022,Electronics,21,674.21,7150.73
403,122,2/17/2022,Beauty Products,95,274.04,4516.02
404,425,7/14/2022,Shoes,45,916.96,7021.59
405,712,1/21/2022,Clothing,55,18.24,124.75
406,759,9/5/2022,Home Decor,72,379.58,2237.05
407,293,9/22/2022,Electronics,8,948.27,7445.3
408,213,11/19/2022,Shoes,55,666.5,820.12
409,734,12/10/2022,Shoes,94,958.42,2782.97
410,339,3/1/2022,Beauty Products,28,264.68,4277.7
411,696,8/31/2022,Home Decor,90,790.94,3786.0
412,147,8/27/2022,Shoes,90,175.79,3719.95
413,780,8/8/2022,Shoes,46,63.29,4142.73
414,207,6/15/2022,Home Decor,59,134.96,8905.05
415,539,1/13/2022,Shoes,8,121.66,8804.62
416,26,1/18/2022,Clothing,43,968.7,1999.07
417,190,8/18/2022,Electronics,68,859.3,7662.0
418,369,6/22/2022,Beauty Products,6,24.55,4237.97
419,107,12/13/2022,Home Decor,89,330.11,2176.03
420,618,1/18/2022,Electronics,84,374.54,6855.96
421,481,5/2/2022,Beauty Products,39,883.11,1978.8
422,134,11/7/2022,Electronics,19,712.19,9423.62
423,767,7/14/2022,Home Decor,5,122.03,2173.69
424,797,12/10/2022,Electronics,58,602.79,5030.54
425,26,11/9/2022,Beauty Products,95,149.08,3829.13
426,425,4/8/2022,Home Decor,33,926.62,8112.59
427,380,9/4/2022,Home Decor,71,317.79,492.51
428,915,12/14/2022,Electronics,17,492.29,4093.37
429,204,8/5/2022,Shoes,26,320.87,7774.11
430,327,5/10/2022,Clothing,12,478.85,600.32
431,771,11/8/2022,Home Decor,38,535.59,5134.91
432,621,8/9/2022,Clothing,38,961.17,4696.28
433,874,1/10/2022,Shoes,39,326.12,9607.43
434,763,11/6/2022,Shoes,29,182.31,8488.99
435,861,11/10/2022,Clothing,84,9.79,226.88
436,595,1/5/2022,Home Decor,55,594.47,8251.59
437,40,6/17/2022,Beauty Products,46,938.71,1935.37
438,806,11/29/2022,Clothing,39,802.02,8511.48
439,800,12/20/2022,Electronics,18,265.23,166.79
440,62,9/16/2022,Beauty Products,74,4.72,7030.87
441,300,9/16/2022,Clothing,9,42.21,9636.17
442,538,8/13/2022,Clothing,34,15.75,2832.13
443,249,5/5/2022,Electronics,55,539.17,5792.82
444,296,7/1/2022,Beauty Products,72,413.26,5964.98
445,934,3/29/2022,Beauty Products,82,964.93,1354.05
446,533,11/27/2022,Home Decor,6,797.79,7977.92
447,511,9/1/2022,Shoes,61,774.64,353.59
448,613,4/23/2022,Beauty Products,80,223.71,2279.31
449,23,4/2/2022,Home Decor,89,727.11,6316.78
450,37,3/18/2022,Shoes,19,109.0,8137.42
451,409,11/5/2022,Clothing,81,283.0,1277.97
452,827,9/27/2022,Clothing,26,356.71,9556.27
453,936,10/8/2022,Beauty Products,4,655.02,4047.71
454,804,5/21/2022,Shoes,40,199.79,3669.34
455,71,6/6/2022,Clothing,87,324.48,4994.66
456,49,12/6/2022,Electronics,75,618.6,2131.01
457,517,9/19/2022,Beauty Products,100,468.59,5592.73
458,925,10/27/2022,Shoes,32,580.56,2310.46
459,194,8/23/2022,Shoes,13,550.62,3355.08
460,692,8/12/2022,Shoes,11,993.3,2278.01
461,187,12/21/2022,Clothing,66,131.19,1839.77
462,468,10/11/2022,Clothing,1,430.37,6937.53
463,43,6/13/2022,Shoes,59,862.06,834.84
464,285,1/28/2022,Clothing,79,111.6,7688.83
465,371,10/9/2022,Home Decor,66,11.52,2322.67
466,77,9/13/2022,Home Decor,22,977.55,4945.76
467,399,2/19/2022,Shoes,18,128.76,5533.19
468,46,6/22/2022,Home Decor,44,448.52,2003.62
469,794,10/18/2022,Beauty Products,59,823.69,9479.68
470,914,7/7/2022,Beauty Products,36,539.59,4823.6
471,613,10/30/2022,Beauty Products,44,699.23,1347.27
472,358,1/28/2022,Electronics,40,626.64,7564.28
473,502,4/11/2022,Home Decor,29,235.94,2014.12
474,843,2/17/2022,Beauty Products,57,693.88,3079.13
475,268,1/22/2022,Home Decor,5,408.83,8799.67
476,433,8/5/2022,Electronics,44,158.2,5896.56
477,756,9/13/2022,Home Decor,3,30.12,5904.05
478,742,9/25/2022,Clothing,17,292.37,3600.79
479,707,8/21/2022,Beauty Products,3,820.95,1252.08
480,935,3/2/2022,Home Decor,3,498.83,6209.42
481,104,7/7/2022,Beauty Products,69,614.09,9266.17
482,252,3/13/2022,Clothing,22,919.97,1857.12
483,96,4/26/2022,Shoes,43,741.31,993.58
484,644,8/18/2022,Shoes,27,687.28,5475.53
485,616,3/1/2022,Electronics,65,762.14,3889.28
486,490,9/26/2022,Shoes,74,893.15,2000.34
487,581,3/20/2022,Home Decor,11,539.9,8470.24
488,769,1/16/2022,Shoes,82,229.96,5513.17
489,879,3/31/2022,Clothing,3,536.43,3722.14
490,935,8/5/2022,Electronics,95,611.93,5288.33
491,489,5/8/2022,Clothing,84,294.93,7922.79
492,29,7/23/2022,Electronics,20,214.65,3047.3
493,814,4/25/2022,Clothing,33,750.28,1629.19
494,997,6/29/2022,Beauty Products,29,644.34,9968.46
495,89,5/9/2022,Home Decor,72,608.99,3722.16
496,628,12/23/2022,Shoes,90,92.06,1821.12
497,81,10/14/2022,Beauty Products,72,200.14,5228.38
498,174,10/28/2022,Shoes,33,197.9,2278.61
499,994,5/2/2022,Electronics,9,201.98,6949.97
500,49,4/27/2022,Electronics,85,423.69,9893.13
501,420,8/24/2022,Electronics,67,542.83,4853.03
502,80,9/12/2022,Electronics,24,154.35,3192.84
503,668,8/10/2022,Clothing,45,56.5,5547.15
504,704,5/13/2022,Beauty Products,91,236.74,2224.3
505,97,4/7/2022,Electronics,16,85.31,9638.84
506,590,6/10/2022,Electronics,31,736.14,6241.56
507,654,12/29/2022,Home Decor,72,28.52,5462.96
508,91,4/30/2022,Beauty Products,42,258.46,4985.55
509,267,7/2/2022,Shoes,17,220.52,1273.79
510,797,7/12/2022,Electronics,26,109.71,794.32
511,59,9/17/2022,Shoes,38,186.24,4977.19
512,546,8/16/2022,Clothing,13,47.07,3772.21
513,534,4/27/2022,Beauty Products,42,974.97,8812.13
514,831,4/25/2022,Shoes,56,900.03,7291.61
515,718,1/21/2022,Shoes,27,727.64,0.09
516,439,7/8/2022,Home Decor,70,565.58,706.9
517,528,5/17/2022,Shoes,82,918.31,4292.22
518,665,10/12/2022,Electronics,89,914.16,1314.97
519,270,5/26/2022,Home Decor,62,196.92,3878.35
520,858,10/25/2022,Electronics,100,17.35,6356.87
521,153,10/11/2022,Home Decor,49,346.78,2874.93
522,10,5/2/2022,Clothing,90,137.53,4673.19
523,214,11/5/2022,Home Decor,66,629.0,8684.64
524,827,10/25/2022,Clothing,85,523.34,2404.81
525,275,12/4/2022,Electronics,43,622.13,7564.99
526,730,2/26/2022,Clothing,59,918.18,2630.22
527,432,9/6/2022,Electronics,13,213.45,1667.32
528,723,1/14/2022,Clothing,10,834.53,5787.66
529,401,3/28/2022,Electronics,55,556.43,5225.89
530,193,1/7/2022,Shoes,53,985.83,4490.31
531,582,8/9/2022,Shoes,46,164.89,8156.09
532,762,5/17/2022,Home Decor,43,673.72,1766.55
533,694,12/19/2022,Shoes,35,331.06,3816.39
534,726,8/24/2022,Beauty Products,48,881.92,6867.27
535,867,9/12/2022,Shoes,2,891.44,9651.46
536,888,1/6/2022,Home Decor,16,795.19,3657.91
537,573,7/2/2022,Clothing,91,125.61,4766.55
538,575,10/18/2022,Beauty Products,19,211.55,5981.68
539,375,2/1/2022,Clothing,76,681.26,4966.35
540,15,10/27/2022,Beauty Products,85,315.68,3722.09
541,234,10/24/2022,Home Decor,64,189.12,9698.96
542,914,4/12/2022,Shoes,26,854.36,815.58
543,261,1/20/2022,Beauty Products,27,40.9,9850.09
544,932,1/18/2022,Shoes,69,291.5,9363.25
545,203,12/22/2022,Beauty Products,56,570.84,5041.23
546,568,10/25/2022,Home Decor,16,103.57,2704.33
547,268,3/26/2022,Electronics,30,522.47,9490.12
548,57,1/22/2022,Shoes,16,417.44,5172.56
549,422,7/25/2022,Home Decor,4,254.06,7164.35
550,622,10/19/2022,Beauty Products,27,275.74,5051.67
551,880,7/24/2022,Clothing,57,637.48,8087.61
552,494,7/30/2022,Home Decor,50,77.83,7175.89
553,12,9/18/2022,Shoes,32,55.54,4069.95
554,11,5/2/2022,Electronics,28,935.91,9141.83
555,61,8/14/2022,Beauty Products,43,543.23,579.1
556,507,3/21/2022,Home Decor,62,563.97,4079.99
557,673,1/19/2022,Clothing,6,553.15,2195.95
558,890,11/14/2022,Electronics,55,285.16,6818.83
559,56,9/13/2022,Clothing,22,861.24,3543.8
560,469,11/24/2022,Shoes,23,586.22,6797.05
561,183,4/10/2022,Home Decor,26,145.34,3096.97
562,206,2/14/2022,Beauty Products,36,586.66,7944.59
563,267,11/15/2022,Beauty Products,64,357.14,5136.07
564,396,10/22/2022,Home Decor,32,532.82,488.42
565,23,9/2/2022,Shoes,80,240.36,9863.39
566,956,3/26/2022,Shoes,80,572.75,4865.01
567,673,10/19/2022,Beauty Products,99,920.37,3755.27
568,735,2/23/2022,Clothing,84,82.48,1423.03
569,506,11/10/2022,Electronics,63,319.79,4449.22
570,967,8/9/2022,Beauty Products,5,927.16,1922.52
571,545,8/6/2022,Electronics,54,212.02,4440.15
572,42,9/15/2022,Beauty Products,1,826.87,119.21
573,820,8/10/2022,Clothing,51,287.01,6879.91
574,299,2/28/2022,Shoes,71,143.11,6988.87
575,995,8/3/2022,Shoes,41,256.61,8127.5
576,939,2/3/2022,Electronics,22,792.77,7522.03
577,787,5/26/2022,Home Decor,58,718.71,9859.55
578,202,12/1/2022,Home Decor,94,309.66,9222.75
579,832,1/21/2022,Electronics,36,430.47,7741.16
580,46,3/3/2022,Beauty Products,39,572.82,4992.54
581,136,3/6/2022,Electronics,68,111.38,5063.3
582,898,1/12/2022,Home Decor,41,36.09,6100.77
583,725,11/24/2022,Beauty Products,61,211.34,9922.36
584,699,11/9/2022,Beauty Products,84,800.62,367.23
585,775,11/30/2022,Clothing,76,341.41,8331.27
586,118,1/25/2022,Beauty Products,52,43.59,5034.96
587,784,6/28/2022,Shoes,41,652.37,8927.36
588,201,4/8/2022,Beauty Products,68,30.57,4774.56
589,846,3/9/2022,Shoes,31,294.29,4316.83
590,778,3/13/2022,Shoes,71,341.08,5477.24
591,890,4/30/2022,Shoes,62,243.35,2090.94
592,960,4/20/2022,Home Decor,18,760.38,1658.83
593,101,11/13/2022,Home Decor,47,828.61,3650.12
594,870,1/15/2022,Electronics,83,466.23,5450.05
595,613,12/1/2022,Clothing,72,787.88,4719.58
596,559,9/13/2022,Clothing,42,573.94,6510.36
597,256,2/5/2022,Shoes,12,708.37,616.27
598,278,2/26/2022,Clothing,36,864.56,4452.56
599,126,8/16/2022,Beauty Products,24,276.96,3951.47
600,381,1/23/2022,Beauty Products,89,349.92,2717.82
601,234,10/19/2022,Clothing,56,927.43,334.16
602,950,4/9/2022,Shoes,62,916.15,6015.29
603,447,3/24/2022,Beauty Products,66,914.81,3843.88
604,320,10/6/2022,Electronics,64,266.66,9960.25
605,703,8/28/2022,Shoes,42,336.1,5589.0
606,23,4/10/2022,Home Decor,45,238.96,4099.44
607,351,2/5/2022,Home Decor,83,492.91,9923.25
608,828,2/8/2022,Home Decor,54,420.3,434.06
609,44,10/26/2022,Shoes,42,874.77,6561.72
610,531,12/30/2022,Home Decor,73,847.11,5330.75
611,572,10/31/2022,Home Decor,93,859.0,2067.92
612,754,8/12/2022,Home Decor,25,761.57,5480.65
613,840,12/18/2022,Beauty Products,24,908.83,2336.39
614,502,3/21/2022,Home Decor,69,509.45,7156.92
615,673,7/11/2022,Shoes,83,117.59,4126.05
616,811,9/27/2022,Beauty Products,22,296.85,8716.63
617,583,4/16/2022,Home Decor,30,907.81,672.51
618,717,4/4/2022,Shoes,78,341.43,460.28
619,909,1/24/2022,Home Decor,85,911.15,9112.92
620,399,8/11/2022,Clothing,47,913.54,1988.55
621,271,9/1/2022,Beauty Products,79,312.27,428.5
622,487,8/4/2022,Electronics,4,299.73,3911.88
623,739,10/15/2022,Shoes,18,156.07,7127.71
624,731,3/2/2022,Electronics,55,896.0,2170.7
625,19,3/21/2022,Shoes,65,203.03,2544.3
626,70,7/9/2022,Electronics,28,204.63,1631.36
627,12,7/20/2022,Clothing,37,203.64,4332.81
628,969,12/5/2022,Beauty Products,13,968.88,1840.85
629,266,5/4/2022,Home Decor,25,729.69,2301.62
630,205,12/21/2022,Beauty Products,47,633.74,7439.44
631,770,5/5/2022,Shoes,17,224.54,7545.09
632,901,10/29/2022,Home Decor,70,781.96,5922.67
633,944,1/10/2022,Clothing,88,857.6,5040.42
634,954,1/6/2022,Home Decor,45,658.1,6808.29
635,413,11/9/2022,Beauty Products,32,134.54,7457.76
636,792,5/27/2022,Home Decor,28,618.96,3309.72
637,164,3/1/2022,Electronics,19,285.64,6286.02
638,964,6/28/2022,Clothing,44,638.57,9747.59
639,895,1/27/2022,Electronics,100,986.72,3849.03
640,80,1/24/2022,Electronics,44,894.94,1605.93
641,763,8/25/2022,Shoes,4,566.32,4541.09
642,442,4/8/2022,Electronics,32,844.76,8189.86
643,729,1/15/2022,Electronics,33,849.82,2741.29
644,136,4/19/2022,Home Decor,50,122.58,207.15
645,321,6/30/2022,Electronics,99,782.47,5783.28
646,570,10/9/2022,Electronics,50,479.85,4535.86
647,450,12/18/2022,Clothing,15,662.59,9826.4
648,680,4/19/2022,Shoes,63,779.6,8068.34
649,746,12/10/2022,Clothing,1,523.72,6459.68
650,448,9/28/2022,Electronics,58,288.14,9114.11
651,756,4/5/2022,Clothing,38,316.25,9574.33
652,157,7/19/2022,Electronics,37,933.74,6955.8
653,854,11/23/2022,Shoes,15,427.88,97.86
654,337,9/5/2022,Home Decor,73,424.87,7481.89
655,756,9/29/2022,Home Decor,60,262.01,1159.78
656,491,7/20/2022,Clothing,93,194.17,3576.66
657,941,11/8/2022,Home Decor,12,217.05,8612.35
658,63,10/9/2022,Shoes,66,860.29,2740.43
659,453,4/16/2022,Shoes,61,101.49,7129.89
660,112,12/11/2022,Beauty Products,8,70.42,1872.2
661,501,4/28/2022,Beauty Products,73,401.81,1959.5
662,101,9/16/2022,Home Decor,83,101.32,3703.22
663,837,10/25/2022,Home Decor,5,116.36,47.49
664,537,9/27/2022,Electronics,10,660.52,9352.92
665,484,9/11/2022,Clothing,1,228.39,209.74
666,634,1/25/2022,Home Decor,1,59.81,5258.85
667,317,8/11/2022,Shoes,95,369.13,3288.51
668,458,11/4/2022,Shoes,63,107.44,1113.22
669,1,6/17/2022,Clothing,44,8.8,7193.13
670,478,4/22/2022,Clothing,57,737.05,3538.74
671,353,4/23/2022,Clothing,72,761.37,6587.27
672,135,2/2/2022,Home Decor,31,243.11,8816.5
673,616,3/6/2022,Shoes,24,397.8,6773.23
674,220,12/6/2022,Shoes,94,338.16,3281.87
675,824,3/22/2022,Clothing,77,211.15,1343.98
676,203,10/3/2022,Shoes,30,45.49,9703.83
677,529,8/29/2022,Electronics,62,820.33,6003.36
678,309,5/3/2022,Beauty Products,5,549.56,6040.63
679,462,8/15/2022,Electronics,18,107.54,835.11
680,658,5/11/2022,Home Decor,98,427.77,101.12
681,613,7/15/2022,Shoes,42,489.36,1779.39
682,849,8/17/2022,Shoes,12,550.47,9156.21
683,296,3/9/2022,Home Decor,60,349.46,5614.21
684,868,1/17/2022,Beauty Products,40,791.4,1812.63
685,964,2/19/2022,Shoes,31,261.54,2911.78
686,161,1/8/2022,Clothing,65,410.44,7911.31
687,359,12/20/2022,Home Decor,77,218.85,7025.22
688,752,7/18/2022,Clothing,72,532.14,2556.67
689,260,5/6/2022,Clothing,33,670.48,6091.62
690,471,3/14/2022,Clothing,96,797.5,3385.7
691,695,11/2/2022,Shoes,68,407.38,7432.38
692,164,9/28/2022,Electronics,65,793.88,8169.61
693,634,1/20/2022,Clothing,66,401.62,7294.9
694,439,7/25/2022,Shoes,46,125.47,3047.71
695,266,2/23/2022,Electronics,65,10.92,2497.28
696,616,2/3/2022,Electronics,14,800.37,4244.85
697,275,9/6/2022,Shoes,26,785.64,5303.33
698,110,11/25/2022,Electronics,86,551.61,9991.14
699,650,11/22/2022,Clothing,66,329.51,4456.5
700,583,2/8/2022,Beauty Products,56,971.78,6827.22
701,899,10/23/2022,Clothing,64,326.91,4761.26
702,79,6/18/2022,Clothing,88,786.26,7806.2
703,643,11/27/2022,Beauty Products,13,228.27,3610.69
704,425,10/12/2022,Beauty Products,71,326.24,7684.07
705,135,3/24/2022,Clothing,45,452.25,8437.28
706,425,11/19/2022,Electronics,41,40.73,1014.22
707,204,9/25/2022,Shoes,19,488.29,8504.66
708,521,3/17/2022,Clothing,99,270.38,7346.9
709,581,8/30/2022,Beauty Products,95,377.75,5898.15
710,182,4/24/2022,Clothing,89,589.66,7604.92
711,809,11/19/2022,Clothing,89,534.41,9974.8
712,324,8/1/2022,Electronics,16,951.94,5183.96
713,493,7/11/2022,Beauty Products,90,666.72,145.65
714,641,5/4/2022,Clothing,12,68.38,4114.53
715,873,11/2/2022,Clothing,43,449.15,166.07
716,148,3/14/2022,Beauty Products,16,259.76,6995.51
717,911,7/25/2022,Shoes,30,944.58,2426.6
718,170,6/21/2022,Shoes,15,330.41,8179.74
719,839,9/19/2022,Home Decor,91,952.02,5235.07
720,267,7/30/2022,Electronics,70,633.66,4917.22
721,272,4/16/2022,Beauty Products,21,378.2,3656.55
722,684,6/18/2022,Beauty Products,11,29.9,3668.2
723,469,6/17/2022,Shoes,30,572.87,4064.24
724,768,12/21/2022,Home Decor,69,982.42,1114.91
725,439,12/19/2022,Beauty Products,33,33.17,6210.19
726,194,5/20/2022,Electronics,45,298.81,573.88
727,809,8/2/2022,Beauty Products,74,644.83,7228.04
728,515,9/24/2022,Shoes,65,367.89,7893.3
729,307,3/19/2022,Home Decor,34,265.81,3166.65
730,13,6/23/2022,Electronics,49,568.74,4163.12
731,403,1/16/2022,Clothing,10,329.07,876.14
732,16,7/13/2022,Shoes,88,419.59,5125.56
733,550,6/7/2022,Shoes,41,725.64,6920.46
734,966,10/7/2022,Electronics,95,45.21,9981.67
735,227,7/5/2022,Home Decor,88,54.82,403.0
736,876,9/28/2022,Electronics,36,288.75,7898.61
737,955,2/27/2022,Beauty Products,64,533.7,992.99
738,75,9/27/2022,Beauty Products,26,284.91,964.2
739,17,9/30/2022,Shoes,62,332.91,5568.12
740,68,9/27/2022,Shoes,70,86.4,2441.59
741,486,3/24/2022,Clothing,87,794.85,6761.06
742,961,3/6/2022,Shoes,49,593.05,172.56
743,973,2/3/2022,Shoes,76,112.82,5860.57
744,825,3/3/2022,Home Decor,32,343.35,9070.01
745,417,11/14/2022,Clothing,11,254.47,5818.1
746,435,4/1/2022,Beauty Products,53,18.29,9222.33
747,673,8/2/2022,Beauty Products,10,607.43,5121.39
748,327,3/20/2022,Shoes,89,562.9,3557.32
749,321,4/19/2022,Shoes,14,961.72,3179.14
750,725,10/5/2022,Clothing,24,229.99,5985.37
751,806,8/31/2022,Electronics,28,3.01,2054.99
752,416,9/18/2022,Shoes,82,257.48,9765.41
753,233,8/22/2022,Shoes,60,418.29,7439.59
754,313,3/4/2022,Beauty Products,41,285.97,6101.96
755,951,9/9/2022,Shoes,4,672.82,764.79
756,359,1/22/2022,Beauty Products,85,757.08,3207.71
757,661,12/8/2022,Home Decor,31,509.58,4256.92
758,825,10/1/2022,Beauty Products,22,613.9,4351.44
759,588,11/5/2022,Shoes,93,786.59,2449.39
760,913,5/1/2022,Clothing,74,236.51,8760.2
761,134,10/2/2022,Beauty Products,92,366.61,5976.43
762,562,10/2/2022,Electronics,5,289.16,5720.54
763,156,9/13/2022,Shoes,42,259.02,4923.12
764,811,9/15/2022,Electronics,63,48.6,4258.06
765,607,8/14/2022,Home Decor,5,68.31,5996.92
766,777,8/19/2022,Clothing,48,71.0,958.62
767,56,10/26/2022,Shoes,80,391.67,821.35
768,882,9/13/2022,Beauty Products,84,499.43,9605.45
769,761,1/1/2022,Home Decor,58,817.28,1930.34
770,304,6/29/2022,Beauty Products,46,268.94,243.21
771,349,3/22/2022,Clothing,28,522.03,4630.54
772,518,7/18/2022,Shoes,54,398.16,7922.89
773,494,10/22/2022,Home Decor,5,202.6,9060.44
774,499,12/27/2022,Shoes,67,893.21,7445.25
775,154,3/11/2022,Electronics,43,707.44,2333.25
776,972,12/15/2022,Shoes,32,697.33,6554.83
777,375,11/7/2022,Shoes,49,410.3,4183.28
778,107,6/1/2022,Shoes,28,533.63,4537.04
779,750,12/17/2022,Shoes,84,596.46,9450.79
780,843,6/25/2022,Beauty Products,63,908.36,1496.3
781,315,10/27/2022,Shoes,2,63.74,6401.37
782,341,10/13/2022,Clothing,83,837.69,9442.82
783,796,3/19/2022,Beauty Products,73,86.37,1582.06
784,742,12/3/2022,Home Decor,48,766.18,6900.27
785,711,8/3/2022,Home Decor,75,634.07,1556.91
786,186,3/3/2022,Home Decor,8,180.64,2454.17
787,319,11/11/2022,Clothing,31,467.76,6022.53
788,956,3/18/2022,Electronics,81,11.82,2015.08
789,356,1/25/2022,Beauty Products,28,139.81,8080.21
790,819,12/1/2022,Home Decor,34,563.89,5187.91
791,670,10/23/2022,Electronics,75,684.56,4106.68
792,776,7/3/2022,Electronics,83,305.77,4686.69
793,475,12/14/2022,Home Decor,88,730.98,220.13
794,905,10/14/2022,Home Decor,36,113.93,3885.98
795,536,10/15/2022,Clothing,46,857.78,6586.84
796,291,4/30/2022,Electronics,58,308.8,5749.77
797,19,6/2/2022,Shoes,40,643.9,8354.21
798,558,3/1/2022,Beauty Products,47,491.83,1982.57
799,926,2/27/2022,Home Decor,71,35.56,6554.06
800,877,11/12/2022,Beauty Products,93,39.99,4506.88
801,551,5/16/2022,Electronics,30,584.88,5430.26
802,310,7/16/2022,Shoes,6,556.01,5784.75
803,449,2/26/2022,Clothing,68,275.05,122.0
804,826,2/17/2022,Clothing,83,989.7,8850.96
805,737,5/11/2022,Clothing,60,459.86,4070.35
806,426,1/31/2022,Clothing,21,400.66,5802.28
807,83,4/24/2022,Beauty Products,49,379.64,1501.37
808,951,5/21/2022,Electronics,89,855.89,9148.28
809,327,11/1/2022,Electronics,4,279.44,8547.41
810,121,3/28/2022,Electronics,4,773.15,1997.08
811,463,10/4/2022,Clothing,17,975.06,6920.23
812,706,1/14/2022,Electronics,11,247.24,6428.39
813,600,7/29/2022,Beauty Products,53,323.04,8462.38
814,769,12/20/2022,Shoes,79,66.45,5356.57
815,798,6/14/2022,Home Decor,58,42.33,8163.91
816,865,4/13/2022,Home Decor,74,557.99,8600.57
817,9,4/23/2022,Shoes,78,541.28,3865.84
818,316,11/10/2022,Electronics,36,493.59,1639.66
819,750,8/19/2022,Home Decor,81,259.0,3775.04
820,998,11/12/2022,Shoes,57,223.65,3516.22
821,353,8/8/2022,Electronics,95,978.94,3.35
822,786,10/26/2022,Home Decor,34,605.24,6499.28
823,203,8/21/2022,Beauty Products,66,789.28,590.04
824,104,10/11/2022,Shoes,11,494.48,4571.82
825,835,5/27/2022,Beauty Products,98,655.47,805.47
826,920,8/26/2022,Electronics,69,791.8,7079.79
827,483,11/13/2022,Home Decor,75,689.2,7053.2
828,998,10/8/2022,Beauty Products,56,328.16,2724.67
829,853,7/22/2022,Clothing,59,794.87,5226.78
830,424,7/28/2022,Shoes,27,401.98,9169.93
831,478,10/31/2022,Electronics,61,689.21,8557.99
832,289,1/17/2022,Home Decor,80,173.15,7462.39
833,916,4/23/2022,Beauty Products,79,723.64,1630.94
834,549,4/12/2022,Shoes,75,746.29,3004.04
835,528,1/29/2022,Home Decor,55,171.23,2506.5
836,215,11/19/2022,Shoes,18,466.77,2032.75
837,998,5/31/2022,Shoes,20,89.89,6838.0
838,878,4/21/2022,Beauty Products,88,402.41,4390.09
839,177,2/8/2022,Electronics,52,243.1,1066.87
840,714,2/17/2022,Shoes,75,596.75,1345.5
841,43,7/20/2022,Beauty Products,52,708.11,1669.12
842,648,11/25/2022,Shoes,12,954.38,9839.76
843,85,10/15/2022,Beauty Products,68,512.46,9411.98
844,413,2/10/2022,Shoes,43,488.65,4757.69
845,948,7/18/2022,Home Decor,60,948.06,8803.84
846,947,3/26/2022,Electronics,86,67.14,9172.43
847,947,5/5/2022,Home Decor,89,526.64,3965.93
848,984,9/8/2022,Clothing,69,618.64,5765.7
849,888,8/28/2022,Shoes,19,212.71,5348.76
850,187,8/31/2022,Shoes,67,637.21,3421.34
851,315,6/13/2022,Electronics,55,562.55,4355.33
852,957,6/3/2022,Shoes,73,843.39,992.26
853,253,12/20/2022,Shoes,97,75.95,5692.56
854,62,9/22/2022,Beauty Products,81,844.43,3712.0
855,611,4/26/2022,Home Decor,23,315.36,4570.89
856,195,12/29/2022,Clothing,33,518.85,2195.73
857,60,2/14/2022,Shoes,1,964.79,6243.07
858,133,6/8/2022,Beauty Products,62,609.47,4229.53
859,570,9/1/2022,Electronics,100,883.97,8305.25
860,287,8/20/2022,Home Decor,7,9.63,8433.92
861,873,11/28/2022,Home Decor,79,410.07,6737.02
862,69,6/18/2022,Home Decor,27,845.26,503.22
863,984,7/14/2022,Electronics,34,222.88,7769.51
864,105,1/12/2022,Beauty Products,2,666.08,5794.35
865,739,6/17/2022,Electronics,20,956.04,3879.91
866,471,7/2/2022,Electronics,39,718.0,3502.2
867,883,3/19/2022,Beauty Products,93,229.83,1723.09
868,957,3/18/2022,Shoes,98,337.0,5844.57
869,979,12/24/2022,Home Decor,26,189.78,291.82
870,170,1/6/2022,Electronics,21,12.03,783.38
871,373,5/18/2022,Electronics,56,979.57,6372.35
872,77,3/15/2022,Shoes,32,51.87,3315.62
873,544,11/29/2022,Beauty Products,97,866.72,1881.7
874,846,3/12/2022,Electronics,75,123.84,4065.62
875,178,6/2/2022,Home Decor,16,500.92,1476.0
876,310,10/26/2022,Beauty Products,25,736.37,9951.9
877,625,1/12/2022,Clothing,84,966.17,4575.12
878,53,8/2/2022,Home Decor,74,604.41,1843.19
879,57,3/11/2022,Shoes,65,444.92,8851.32
880,683,10/22/2022,Shoes,11,842.32,5391.98
881,421,5/5/2022,Beauty Products,56,875.1,4447.61
882,461,10/3/2022,Shoes,98,36.55,9921.61
883,453,1/22/2022,Electronics,4,426.3,7935.62
884,213,12/29/2022,Shoes,99,863.89,7387.61
885,673,4/6/2022,Electronics,66,532.62,5030.22
886,41,4/8/2022,Electronics,76,519.66,4958.16
887,699,7/24/2022,Electronics,98,249.42,3767.49
888,378,12/20/2022,Shoes,82,77.52,5731.44
889,956,6/19/2022,Beauty Products,44,713.93,8256.3
890,260,11/14/2022,Shoes,55,201.7,4478.63
891,178,3/21/2022,Beauty Products,20,296.77,4977.26
892,904,1/9/2022,Shoes,27,636.66,322.09
893,290,2/11/2022,Beauty Products,70,834.83,4193.22
894,286,9/14/2022,Electronics,2,385.66,3452.19
895,116,9/9/2022,Home Decor,96,448.78,8237.2
896,968,1/22/2022,Home Decor,45,28.81,6849.28
897,354,10/16/2022,Electronics,88,700.8,6757.21
898,823,7/28/2022,Electronics,57,739.84,793.53
899,546,6/30/2022,Beauty Products,96,352.98,8515.35
900,800,12/21/2022,Electronics,87,506.06,5334.16
901,518,7/3/2022,Electronics,35,649.2,60.81
902,502,12/7/2022,Clothing,48,311.8,4042.7
903,881,7/31/2022,Electronics,24,498.7,6152.21
904,333,12/23/2022,Electronics,94,868.4,4572.09
905,684,7/9/2022,Shoes,5,23.9,7474.57
906,510,4/12/2022,Home Decor,89,808.32,3230.8
907,973,10/19/2022,Clothing,41,979.3,5564.24
908,144,3/24/2022,Shoes,11,631.2,7064.6
909,111,9/2/2022,Home Decor,33,176.02,9306.99
910,242,11/30/2022,Clothing,42,318.66,9673.19
911,950,10/3/2022,Electronics,88,71.67,8932.32
912,141,4/4/2022,Clothing,84,356.43,265.63
913,957,11/19/2022,Electronics,100,759.96,3538.57
914,221,4/8/2022,Beauty Products,39,555.72,6699.65
915,335,10/3/2022,Clothing,94,88.3,255.95
916,396,2/8/2022,Clothing,53,811.24,9233.62
917,904,3/12/2022,Clothing,18,275.54,9648.65
918,970,10/15/2022,Beauty Products,33,125.72,3576.72
919,601,8/24/2022,Clothing,86,237.68,6886.92
920,454,12/30/2022,Home Decor,3,742.04,7555.57
921,848,8/26/2022,Shoes,34,723.88,4866.3
922,370,8/18/2022,Home Decor,43,327.84,5213.3
923,870,11/30/2022,Clothing,3,223.62,8139.35
924,264,3/4/2022,Electronics,45,237.97,2804.44
925,39,11/23/2022,Clothing,97,747.83,378.79
926,710,5/22/2022,Beauty Products,37,753.51,6975.47
927,538,3/1/2022,Electronics,34,760.69,8592.03
928,700,4/18/2022,Shoes,79,320.9,144.97
929,373,10/6/2022,Electronics,91,497.13,6989.74
930,147,6/5/2022,Beauty Products,57,156.04,5975.85
931,539,8/20/2022,Shoes,81,746.09,209.82
932,111,3/26/2022,Shoes,71,685.02,1082.43
933,443,10/19/2022,Shoes,68,823.82,597.36
934,329,2/26/2022,Clothing,84,252.02,3301.14
935,605,1/29/2022,Home Decor,2,816.22,9863.95
936,922,12/25/2022,Home Decor,78,339.06,4349.51
937,447,5/8/2022,Electronics,56,448.21,2103.29
938,352,11/24/2022,Home Decor,71,566.22,6606.99
939,187,5/31/2022,Home Decor,72,426.83,7760.19
940,121,8/8/2022,Clothing,49,318.13,2732.3
941,487,7/30/2022,Beauty Products,27,257.13,2210.12
942,562,8/2/2022,Clothing,49,328.34,8979.55
943,421,5/3/2022,Shoes,25,875.54,2683.64
944,928,11/15/2022,Home Decor,99,490.95,7934.01
945,501,2/19/2022,Electronics,54,122.92,7596.54
946,222,10/21/2022,Shoes,2,750.72,1433.23
947,133,12/17/2022,Clothing,10,633.11,2365.68
948,425,7/4/2022,Home Decor,50,249.27,3356.05
949,362,4/21/2022,Beauty Products,100,23.61,9018.86
950,388,7/20/2022,Electronics,1,571.47,7269.92
951,99,1/3/2022,Home Decor,74,129.88,633.02
952,210,8/16/2022,Electronics,83,552.37,2582.24
953,447,1/1/2022,Home Decor,49,2.92,4162.51
954,858,2/10/2022,Home Decor,1,817.94,9875.35
955,670,8/19/2022,Shoes,95,597.18,2560.65
956,885,6/27/2022,Electronics,97,74.09,4461.6
957,870,12/16/2022,Home Decor,31,492.6,8241.11
958,365,11/12/2022,Beauty Products,96,915.17,4917.12
959,248,3/20/2022,Electronics,13,975.48,5549.55
960,398,1/18/2022,Home Decor,15,293.66,1049.95
961,787,3/12/2022,Clothing,15,798.23,2560.41
962,222,1/18/2022,Shoes,28,145.88,3490.61
963,542,3/23/2022,Home Decor,49,841.1,4423.72
964,123,9/29/2022,Shoes,63,152.79,6373.72
965,835,1/25/2022,Shoes,79,397.66,409.09
966,747,6/8/2022,Shoes,68,135.51,919.77
967,946,7/14/2022,Clothing,7,969.5,939.89
968,243,12/17/2022,Beauty Products,40,538.86,5829.89
969,951,8/25/2022,Clothing,40,11.69,7730.13
970,514,3/9/2022,Home Decor,33,525.25,6046.93
971,359,8/24/2022,Beauty Products,37,257.65,3450.62
972,305,6/14/2022,Beauty Products,7,226.04,9246.92
973,18,4/17/2022,Home Decor,87,865.7,3917.81
974,487,5/1/2022,Electronics,97,149.81,1758.49
975,953,6/10/2022,Beauty Products,92,412.48,8503.6
976,60,4/26/2022,Home Decor,71,800.14,2798.94
977,164,11/25/2022,Shoes,40,307.6,4160.59
978,759,9/15/2022,Shoes,55,807.45,9368.54
979,712,5/31/2022,Electronics,32,813.26,5015.85
980,924,9/10/2022,Clothing,75,238.67,7547.34
981,414,12/16/2022,Electronics,59,802.23,4483.26
982,228,11/9/2022,Clothing,16,505.12,9177.89
983,630,12/21/2022,Clothing,19,101.76,8900.81
984,208,6/12/2022,Clothing,29,75.8,4383.21
985,344,11/9/2022,Home Decor,51,431.79,6353.68
986,453,1/30/2022,Beauty Products,70,389.8,2250.05
987,846,10/19/2022,Clothing,70,367.5,7359.37
988,421,1/14/2022,Beauty Products,32,762.76,2930.86
989,566,10/6/2022,Shoes,13,307.8,1275.92
990,375,8/8/2022,Electronics,94,821.21,7899.84
991,360,7/14/2022,Home Decor,39,853.95,7529.54
992,899,10/6/2022,Home Decor,64,347.48,9582.96
993,289,9/13/2022,Shoes,62,526.91,694.66
994,607,12/14/2022,Shoes,1,982.04,6315.83
995,611,3/31/2022,Beauty Products,73,254.57,9571.41
996,807,4/6/2022,Shoes,76,284.56,7377.56
997,232,2/7/2022,Shoes,22,72.27,5256.26
998,819,12/26/2022,Clothing,34,951.82,9682.68
999,333,3/25/2022,Home Decor,6,710.96,1843.59
1000,833,9/14/2022,Beauty Products,10,122.43,6146.64
